,Afghanistan,Albania,Algeria,Andorra,Angola,Antigua and Barbuda,Argentina,Armenia,Australia,Austria,Azerbaijan,Bahamas,Bahrain,Bangladesh,Barbados,Belarus,Belgium,Belize,Benin,Bhutan,Bolivia,Bosnia and Herzegovina,Botswana,Brazil,Brunei,Bulgaria,Burkina Faso,Burundi,Cambodia,Cameroon,Canada,Cape Verde,Central African Republic,Chad,Chile,China,Colombia,Comoros,Republic of the Congo,Democratic Republic of the Congo,Costa Rica,Cote d'Ivoire,Croatia,Cuba,Cyprus,Czech Republic,Denmark,Djibouti,Dominica,Dominican Republic,Ecuador,Egypt,El Salvador,Equatorial Guinea,Eritrea,Estonia,Eswatini,Ethiopia,Fiji,Finland,France,Gabon,Gambia,Georgia,Germany,Ghana,Greece,Grenada,Guatemala,Guinea,Guinea-Bissau,Guyana,Haiti,Honduras,Hungary,Iceland,India,Indonesia,Iran,Iraq,Ireland,Israel,Italy,Jamaica,Japan,Jordan,Kazakhstan,Kenya,Kiribati,North Korea,South Korea,Kuwait,Kyrgyzstan,Laos,Latvia,Lebanon,Lesotho,Liberia,Libya,Liechtenstein,Lithuania,Luxembourg,Madagascar,Malawi,Malaysia,Maldives,Mali,Malta,Marshall Islands,Mauritania,Mauritius,Mexico,Micronesia,Moldova,Monaco,Mongolia,Montenegro,Morocco,Mozambique,Myanmar,Namibia,Nauru,Nepal,Netherlands,New Zealand,Nicaragua,Niger,Nigeria,North Macedonia,Norway,Oman,Pakistan,Palau,Panama,Papua New Guinea,Paraguay,Peru,Philippines,Poland,Portugal,Qatar,Romania,Russia,Rwanda,Saint Kitts and Nevis,Saint Lucia,Saint Vincent and the Grenadines,Samoa,San Marino,São Tomé and Príncipe,Saudi Arabia,Senegal,Serbia,Seychelles,Singapore,Sierra Leone,Slovakia,Slovenia,Solomon Islands,Somalia,South Africa,South Sudan,Spain,Sri Lanka,Sudan,Suriname,Sweden,Switzerland,Syria,Tajikistan,Tanzania,Thailand,Timor-Leste,Togo,Tonga,Trinidad and Tobago,Tunisia,Turkey,Turkmenistan,Tuvalu,Uganda,Ukraine,United Arab Emirates,United Kingdom,United States,Uruguay,Uzbekistan,Vanuatu,Vatican City,Venezuela,Vietnam,Yemen,Zambia,Zimbabwe
Afghanistan,0,4,4,4,4,2,4,4,4,4,4,4,4,3,4,4,4,4,2,4,4,4,4,4,4,4,4,3,3,4,4,3,4,4,4,4,4,3,4,4,3,3,4,4,4,4,4,2,1,4,4,4,4,4,4,4,4,2,4,4,4,2,4,4,4,4,4,4,4,4,2,4,1,4,4,4,2,4,4,4,4,4,4,4,4,4,4,2,4,4,4,4,4,4,4,4,4,4,4,4,4,4,2,4,4,3,4,4,4,3,4,4,1,4,4,4,4,4,3,4,4,4,4,4,4,4,4,4,4,4,4,4,3,4,4,4,4,4,4,4,4,4,4,3,2,4,4,1,4,4,4,3,4,1,4,4,4,4,4,3,4,2,4,4,4,2,4,4,4,4,4,4,3,3,4,4,4,4,4,3,2,4,4,4,4,4,4,4,4,4,4,4,2,2
Albania,4,0,4,1,4,1,4,1,4,1,2,4,4,3,1,1,1,4,2,4,3,1,4,1,4,1,4,4,2,4,4,3,4,4,1,4,1,3,2,1,3,3,1,4,1,1,1,2,1,1,4,2,1,4,4,1,4,2,4,1,1,2,1,1,1,4,1,4,4,2,2,1,1,4,1,1,2,3,2,4,4,1,1,3,4,4,4,2,4,4,4,4,4,4,4,4,4,4,4,1,1,1,2,2,1,3,4,1,4,3,3,4,1,1,1,4,1,4,3,2,4,4,3,1,4,4,4,4,1,1,1,2,3,4,4,4,4,4,1,1,2,1,4,2,1,4,1,3,1,2,4,3,1,3,1,4,1,1,4,3,4,2,1,2,4,1,1,1,4,2,2,2,3,3,4,1,4,1,4,3,2,1,2,4,4,4,2,4,1,4,4,4,2,2
Algeria,4,4,0,4,2,2,4,2,2,4,4,4,4,4,1,4,4,4,1,4,3,4,4,4,4,4,4,3,4,4,4,3,4,4,4,4,4,3,2,4,3,3,4,4,4,4,4,2,1,4,1,4,4,4,4,4,4,2,4,4,4,2,1,2,4,3,4,4,4,4,2,4,1,4,4,4,4,4,2,4,4,4,4,4,4,3,4,2,4,1,4,4,4,4,4,4,4,4,4,4,4,4,2,2,1,3,1,4,4,1,3,4,1,2,4,4,4,1,3,2,4,4,3,4,1,3,4,1,4,4,2,2,3,4,4,4,4,4,4,4,2,4,4,2,2,4,1,1,4,2,4,3,4,1,4,4,4,4,4,3,4,2,4,2,4,2,4,4,4,2,2,4,3,3,4,4,1,4,4,3,2,4,4,4,4,1,2,4,4,4,4,3,2,3
Andorra,4,1,4,0,4,1,1,1,3,1,2,1,2,3,4,1,1,1,2,4,1,1,4,1,4,1,4,4,2,4,1,1,4,4,1,4,1,3,2,1,3,3,1,4,1,1,1,2,1,1,1,3,1,4,4,1,1,2,4,1,1,2,1,1,1,4,1,4,1,2,2,4,1,1,1,1,2,3,2,4,1,1,1,1,1,3,4,2,4,4,1,4,4,4,4,4,4,4,4,1,1,1,2,2,1,3,1,1,3,3,3,1,1,1,1,4,1,1,3,4,4,4,3,1,2,1,4,4,4,1,2,2,3,1,2,1,1,1,1,1,2,1,1,2,2,1,1,1,1,1,2,3,1,1,1,4,1,1,1,3,1,2,1,2,4,2,1,1,4,3,2,1,3,3,4,4,1,1,4,3,2,1,3,1,1,1,1,1,1,1,2,4,2,3
Angola,4,4,4,4,0,2,4,4,4,4,4,4,4,3,4,4,4,4,1,4,4,4,1,4,4,4,4,4,2,4,4,1,4,4,4,4,4,3,2,4,3,3,4,4,4,4,4,2,1,4,4,4,4,4,4,4,4,2,4,4,4,2,4,2,4,3,4,4,4,4,2,4,1,4,4,4,2,4,2,4,4,4,4,4,4,4,4,2,4,4,1,4,4,4,4,4,4,4,4,4,4,4,2,4,4,3,4,4,4,3,1,4,1,4,4,4,4,4,1,4,1,4,3,4,4,3,4,4,4,4,4,2,3,1,4,4,4,1,4,4,2,4,4,1,2,4,1,3,4,1,4,3,4,3,1,4,4,4,4,3,1,2,4,2,4,2,4,4,4,2,2,4,3,3,4,4,1,4,4,3,1,4,4,4,4,4,2,4,4,4,4,4,1,1
Antigua and Barbuda,4,1,4,1,4,0,4,3,4,1,4,1,2,3,1,1,1,1,2,4,3,1,1,1,4,1,4,4,3,4,4,1,4,4,1,4,1,3,1,1,3,3,1,1,1,1,1,3,1,1,1,3,1,4,4,1,1,2,1,1,1,2,1,1,1,4,1,1,1,2,3,1,1,1,1,1,2,4,2,4,1,4,1,1,4,3,4,2,1,2,1,1,1,1,1,1,1,4,4,1,1,1,2,1,1,3,4,1,4,3,1,4,1,1,1,4,1,4,3,4,4,4,3,1,4,1,4,2,1,1,4,2,3,1,2,4,1,1,1,1,1,1,1,2,1,1,1,3,1,2,4,3,1,3,1,3,1,1,3,3,1,2,1,2,4,1,1,1,4,2,1,4,3,3,4,1,1,2,4,3,1,1,4,1,4,4,1,1,1,1,4,4,1,1
Argentina,4,1,4,1,2,1,0,1,4,1,2,1,2,3,1,1,1,1,2,4,1,1,1,1,4,1,3,3,2,4,4,3,4,4,1,4,1,3,1,1,3,3,1,4,1,1,1,2,1,1,1,2,1,4,4,1,1,2,1,1,1,2,4,1,1,4,1,1,1,2,2,1,1,1,1,1,2,3,2,4,1,1,1,1,1,3,1,2,4,4,1,4,4,4,4,4,4,4,4,1,1,1,2,2,1,3,4,1,3,3,1,1,1,1,1,1,1,1,3,2,4,4,3,1,2,1,4,4,1,1,1,2,3,1,2,1,1,1,1,1,1,1,1,2,1,1,1,1,1,2,4,3,1,1,1,4,1,1,3,3,1,2,1,2,4,1,1,1,4,1,2,1,3,3,4,1,1,1,4,3,2,1,1,1,4,1,1,1,1,1,2,4,2,2
Armenia,4,1,4,4,4,1,1,0,4,4,5,1,4,3,1,1,4,4,2,4,3,4,4,1,4,4,4,4,2,4,4,3,4,4,4,1,4,3,1,4,4,2,4,4,4,4,4,2,1,4,1,2,4,4,4,4,4,2,4,4,4,2,4,1,4,4,4,4,4,2,3,4,1,4,4,4,2,2,1,4,4,4,4,3,4,3,1,2,4,4,4,4,1,2,4,3,2,4,4,4,4,4,2,2,1,3,4,4,4,3,3,4,1,1,4,4,1,4,3,4,1,4,3,4,4,4,4,4,4,4,1,4,3,1,4,4,4,4,4,4,1,4,1,2,2,4,1,1,4,2,4,3,1,1,2,4,4,4,4,3,4,2,4,2,4,2,4,4,4,1,2,4,3,3,4,4,4,2,4,3,2,1,4,4,4,1,1,4,4,4,2,4,2,2
Australia,4,1,4,1,2,1,1,1,0,1,2,1,2,3,1,1,1,1,2,4,1,1,1,1,3,1,3,3,2,4,1,3,4,4,2,4,1,3,1,1,3,3,1,4,1,1,1,2,1,1,1,2,1,4,4,1,1,2,1,1,1,2,1,1,1,4,1,1,1,2,2,1,1,1,1,1,2,3,2,3,1,1,1,1,1,3,1,2,1,4,1,1,1,1,1,1,1,4,4,1,1,1,2,2,1,3,4,1,3,3,1,1,1,1,1,4,1,1,3,2,1,4,3,1,1,1,4,4,1,1,1,2,3,1,2,1,1,1,1,1,1,1,4,2,1,1,1,1,1,2,2,3,1,1,1,3,1,1,1,3,1,2,1,2,4,2,1,1,4,3,2,1,3,3,3,3,1,2,4,3,2,1,3,1,1,1,1,1,1,1,2,4,2,2
Austria,4,1,4,1,2,1,1,1,3,0,2,1,2,3,1,1,1,1,2,4,1,1,1,1,1,1,3,4,2,4,1,1,4,4,1,4,1,3,1,1,3,3,1,4,1,1,1,2,1,1,1,2,1,4,4,1,1,2,1,1,1,2,4,1,1,4,1,1,1,2,2,1,1,1,1,1,2,3,2,4,1,1,1,1,1,3,1,2,1,4,1,1,1,1,1,1,1,4,4,1,1,1,2,2,1,3,4,1,1,3,1,1,1,1,1,4,1,1,3,2,1,4,3,1,2,1,4,4,1,1,2,2,1,1,2,1,1,1,1,1,1,1,2,2,1,1,1,1,1,1,2,1,1,1,1,3,1,1,1,3,1,2,1,2,4,2,1,1,4,1,2,1,1,3,1,1,1,1,4,1,2,1,1,1,1,1,1,1,1,1,2,4,2,2
Azerbaijan,4,1,4,4,4,1,4,3,4,4,0,1,2,3,1,1,4,4,2,4,3,1,4,4,4,4,4,4,2,4,4,3,4,4,4,4,1,3,1,4,3,3,4,4,4,4,4,2,1,4,1,4,4,4,4,4,4,2,4,4,4,2,4,1,4,4,4,4,4,2,3,4,1,4,4,4,2,4,1,4,4,4,4,3,4,3,1,2,4,4,4,4,4,4,4,4,4,4,4,4,4,4,2,2,1,3,4,4,3,3,3,4,1,1,4,4,1,4,3,4,1,4,3,4,4,3,4,4,1,4,4,2,3,4,4,4,4,4,4,4,1,4,1,2,2,4,1,3,4,2,4,4,1,3,2,4,4,4,4,3,4,2,4,2,4,2,4,4,4,1,4,4,3,3,4,4,4,1,4,3,2,1,4,4,4,4,1,1,4,4,2,4,2,2
Bahamas,4,1,4,1,4,1,2,3,4,1,2,0,2,4,1,4,1,1,2,4,3,1,1,1,4,1,4,4,3,4,1,3,4,4,1,1,1,3,1,1,3,3,1,4,1,1,1,2,1,1,1,4,1,4,4,1,1,2,1,1,1,2,1,1,1,4,1,1,1,4,3,1,1,1,1,1,2,4,2,4,1,1,1,1,1,3,4,1,1,4,1,1,1,1,1,1,1,4,4,1,1,1,2,1,1,3,4,1,4,3,1,1,1,1,1,4,1,4,3,4,4,4,3,1,4,1,4,4,1,1,4,2,3,1,4,4,1,1,1,1,1,1,4,2,1,1,1,3,1,2,4,3,1,3,1,3,1,1,3,3,1,2,1,2,4,1,1,1,4,2,1,4,3,3,3,1,4,2,4,3,1,2,1,1,1,1,1,1,1,4,4,4,1,1
Bahrain,4,4,4,4,4,2,2,2,2,4,2,1,0,3,1,1,4,4,2,4,3,1,1,4,3,4,4,4,2,4,4,3,4,4,4,4,4,3,1,4,3,3,4,4,4,4,4,2,1,1,1,1,1,4,4,4,4,2,4,4,4,2,4,1,4,4,4,4,1,2,2,4,1,1,4,4,4,3,3,3,4,4,4,4,4,1,1,2,4,4,4,4,4,4,4,4,4,4,4,4,4,4,2,2,1,3,4,4,4,3,1,4,1,4,4,4,4,1,3,4,4,4,3,4,2,1,4,4,4,4,1,2,3,4,4,4,4,1,4,4,1,4,2,2,2,4,1,3,4,2,1,3,1,3,1,3,4,4,4,3,4,2,4,2,4,2,4,4,4,2,2,1,3,3,4,4,1,2,4,3,2,2,1,2,4,4,2,1,4,4,4,3,2,2
Bangladesh,4,4,4,4,4,2,4,4,4,4,4,1,3,0,1,4,4,4,2,1,3,4,4,4,4,4,4,3,2,4,4,3,4,4,3,4,4,3,4,4,3,3,4,4,4,4,4,2,1,4,4,3,4,4,4,4,4,2,1,4,4,2,1,4,4,4,4,1,4,2,3,4,1,4,4,4,3,4,4,5,4,5,4,1,4,4,4,2,4,4,4,4,4,4,4,4,4,4,5,4,4,4,2,2,2,3,4,4,4,3,4,4,1,4,4,4,4,4,4,2,4,4,3,4,4,4,4,4,4,4,4,1,4,4,4,4,4,4,4,4,4,4,4,2,1,4,1,1,4,2,4,3,4,1,4,3,4,4,4,3,4,2,4,2,5,2,4,4,4,2,4,4,3,3,4,1,4,4,4,3,2,4,2,4,4,4,2,1,4,4,4,4,2,2
Barbados,4,1,4,1,4,1,1,3,4,1,2,1,2,1,0,1,1,1,2,4,3,1,1,1,4,1,4,4,3,4,1,3,4,4,1,1,1,3,2,1,3,3,1,1,1,1,1,2,1,1,1,4,1,1,4,1,1,2,1,1,1,2,1,1,1,1,1,1,1,4,3,1,1,1,1,1,2,4,2,4,1,1,1,1,1,3,4,1,1,4,1,1,1,1,1,1,1,4,4,1,1,1,2,1,1,3,4,1,3,3,1,1,1,1,1,4,1,4,3,4,4,4,3,1,4,1,4,4,1,1,4,2,3,1,2,4,1,1,1,1,2,1,4,1,1,1,1,3,1,2,4,3,1,3,1,3,1,1,3,3,1,2,1,2,4,1,1,1,4,2,1,4,3,3,3,1,1,2,4,3,1,2,1,1,4,1,1,1,1,1,4,4,1,1
Belarus,4,1,4,4,4,1,1,1,4,4,1,2,2,3,1,0,4,4,2,4,3,4,2,1,4,4,4,3,2,4,4,3,4,4,4,1,4,3,4,4,4,2,4,1,4,4,4,2,1,4,1,2,4,4,4,4,4,2,4,4,4,2,1,1,4,4,4,2,4,2,3,4,1,4,4,4,2,3,2,4,4,1,4,3,4,3,1,2,4,4,4,4,1,2,4,3,2,4,4,4,4,4,2,2,1,3,4,4,4,3,3,4,1,1,4,1,1,2,3,2,1,2,2,4,4,1,4,4,3,4,1,2,3,1,4,4,1,4,4,4,1,4,1,2,1,4,1,3,4,2,4,4,1,3,2,4,4,4,4,3,4,2,4,2,4,2,4,4,3,1,2,4,3,2,4,4,3,1,4,3,2,1,1,4,4,4,1,1,4,1,1,4,2,2
Belgium,4,1,4,1,2,1,1,1,3,1,2,1,2,3,1,1,0,1,2,4,1,1,1,1,1,1,3,4,2,4,1,1,4,4,1,4,1,3,1,1,3,3,1,4,1,1,1,2,1,1,1,2,1,4,4,1,1,2,1,1,1,2,1,1,1,4,1,1,1,2,2,1,1,1,1,1,2,3,2,4,1,1,1,1,1,3,1,2,1,4,1,1,1,1,1,1,1,4,4,1,1,1,2,2,1,3,4,1,1,3,1,1,1,1,1,4,1,1,3,2,1,4,3,1,2,1,4,4,1,1,2,2,1,1,2,1,1,1,1,1,1,1,2,2,1,1,1,1,1,1,2,1,1,1,1,3,1,1,1,3,1,2,1,2,4,2,1,1,4,2,2,1,1,2,1,1,1,1,4,1,2,1,1,1,1,1,1,1,1,1,2,4,2,2
Belize,4,4,4,4,4,1,2,2,4,4,4,1,2,4,1,4,4,0,2,4,3,4,1,1,4,4,4,4,2,4,4,3,4,4,1,4,1,3,2,4,3,3,4,4,4,4,4,2,1,1,1,4,1,4,4,4,1,2,1,4,4,2,1,1,4,4,4,1,1,4,2,1,1,1,4,4,2,4,2,4,1,1,4,1,4,4,4,1,1,4,1,1,1,1,1,1,1,1,4,4,4,4,2,1,1,3,4,4,3,3,1,1,1,4,4,4,4,4,3,2,4,4,3,4,4,1,1,4,4,4,4,2,3,1,2,4,1,1,4,4,2,4,1,2,1,1,1,1,4,2,4,4,4,1,1,3,4,4,3,3,1,2,4,2,4,1,4,4,4,2,2,4,3,3,4,1,4,1,4,3,1,2,4,1,4,1,2,1,4,1,4,4,1,1
Benin,4,4,4,4,4,2,4,4,4,4,4,4,4,3,4,4,4,4,0,4,3,4,4,4,4,4,1,4,2,4,4,1,1,3,4,4,4,3,2,4,3,3,4,4,4,4,4,2,1,4,1,3,4,4,4,4,4,2,4,4,4,2,1,2,4,1,4,4,4,1,1,4,1,4,4,4,2,4,2,4,4,1,4,4,4,4,4,2,4,1,1,4,4,4,4,4,4,1,4,4,4,4,2,4,1,3,1,4,4,3,1,4,1,4,4,4,4,4,3,4,3,4,3,4,4,3,1,1,4,4,4,2,3,4,4,4,4,1,4,4,2,4,4,1,4,3,1,1,4,2,4,1,4,3,1,1,4,4,4,3,1,2,4,3,4,2,4,4,4,2,2,4,3,1,4,4,1,4,4,3,3,4,4,4,4,4,4,4,4,4,4,4,2,2
Bhutan,4,4,4,4,4,2,4,2,4,4,4,4,4,1,4,4,4,4,2,0,4,4,4,4,4,4,4,4,2,4,4,3,4,4,4,4,1,3,2,4,3,3,4,4,4,4,4,2,1,4,1,3,4,4,4,4,4,2,4,4,4,2,1,2,4,4,4,4,4,2,3,4,1,4,4,4,1,4,2,4,4,4,4,4,4,3,4,2,4,4,4,4,4,4,4,4,4,4,4,4,4,4,2,2,2,3,4,4,4,3,3,4,1,4,4,4,4,4,3,2,4,4,3,4,4,3,4,4,4,4,4,4,3,1,4,4,4,1,4,4,2,4,4,2,4,3,1,1,4,2,4,4,4,1,1,4,4,4,4,3,4,2,4,2,4,2,4,4,4,4,2,3,3,3,4,4,4,4,4,3,2,2,4,4,4,4,2,4,4,4,4,4,2,2
Bolivia,4,4,4,4,4,2,1,2,4,4,2,1,3,3,4,4,4,1,2,4,0,4,4,1,4,4,4,3,2,4,4,3,4,4,1,4,1,3,1,4,3,3,4,4,4,4,4,2,1,1,1,3,4,4,4,4,4,2,4,4,4,2,4,2,4,4,4,4,4,4,2,3,1,4,4,4,2,4,1,4,1,4,4,1,4,3,4,2,4,4,1,4,4,4,4,4,4,4,4,4,4,4,2,2,1,3,4,4,4,3,3,1,1,4,4,4,4,4,3,2,4,4,3,4,4,3,4,4,4,4,1,2,3,1,4,1,1,1,4,4,1,4,1,2,1,3,1,1,4,2,4,4,1,1,1,3,4,4,4,3,1,2,4,2,4,2,4,4,4,2,2,4,3,3,4,4,4,1,4,3,2,2,4,4,4,1,2,4,4,1,4,4,2,2
Bosnia and Herzegovina,4,1,4,1,4,2,4,2,4,1,2,1,4,3,4,1,1,4,2,4,3,0,4,1,4,1,4,4,2,4,4,3,4,4,1,1,1,3,2,1,3,3,1,1,1,1,1,2,1,1,1,2,4,4,4,1,1,2,4,1,1,2,4,1,1,4,1,4,4,2,2,4,1,4,1,1,2,3,2,4,4,4,1,3,4,3,4,2,4,4,4,4,4,4,4,4,4,4,4,1,1,1,2,2,1,3,4,1,4,3,3,4,1,1,1,4,1,4,3,2,4,4,3,1,4,4,4,4,1,1,4,2,3,1,4,4,4,4,1,1,2,1,1,2,4,1,1,1,1,2,4,4,1,1,1,4,1,1,4,3,4,2,1,2,4,2,1,1,4,2,2,2,3,3,4,1,1,1,4,3,2,1,4,4,4,4,1,4,1,4,2,4,2,2
Botswana,4,4,4,4,1,1,2,4,4,4,4,1,2,1,1,4,4,1,1,4,3,4,0,1,4,4,4,4,2,4,4,3,4,4,4,4,2,3,2,4,3,3,4,4,4,4,4,2,1,1,1,4,4,4,4,4,1,2,1,4,4,2,4,1,4,1,4,1,4,4,2,1,1,4,4,4,2,4,2,4,1,1,4,1,4,4,4,1,4,4,1,4,4,4,4,4,4,4,4,4,4,4,2,1,1,3,4,4,4,3,1,4,1,2,4,4,4,2,1,2,1,4,3,4,4,4,4,4,1,4,4,2,3,1,2,4,4,1,4,4,2,4,1,2,1,1,1,3,4,2,4,3,4,3,1,3,4,4,4,3,1,2,4,2,4,2,4,4,4,4,1,4,3,3,4,1,4,2,4,3,1,4,2,1,4,4,4,1,4,4,4,4,1,1
Brazil,4,1,4,1,2,1,1,1,4,1,2,1,2,4,1,1,1,1,2,4,1,1,1,0,4,1,3,3,2,4,4,1,4,4,1,4,1,3,1,1,3,3,1,4,1,1,1,2,1,1,1,3,1,4,4,1,1,2,1,1,1,2,4,1,1,4,1,1,1,2,2,1,1,1,1,1,2,3,2,4,1,1,1,1,4,3,1,2,4,4,1,4,4,4,4,4,4,4,4,1,1,1,2,2,1,3,4,1,3,3,1,4,1,1,1,1,1,1,3,2,1,4,3,1,2,1,4,4,1,1,1,2,3,1,2,1,1,1,1,1,1,1,1,2,1,1,1,1,1,1,4,1,1,1,1,3,1,1,3,3,1,2,1,2,4,1,1,1,4,2,2,1,3,3,3,1,1,1,4,3,2,1,1,1,4,1,1,1,1,1,2,4,2,2
Brunei,4,1,4,1,4,1,4,2,2,1,2,1,2,4,1,4,1,1,2,4,3,1,1,4,0,1,4,4,1,4,1,3,4,4,4,1,1,3,1,1,3,3,1,4,1,1,1,2,1,1,1,3,1,4,4,1,1,2,1,1,1,2,1,1,1,4,1,1,1,2,3,4,1,1,1,1,2,1,2,4,1,4,1,1,1,3,4,1,1,4,4,1,1,1,1,1,1,4,4,1,1,1,2,2,1,3,4,1,3,3,1,4,1,1,1,4,1,4,3,1,4,4,3,1,2,1,4,4,1,1,2,2,3,1,2,4,1,1,1,1,1,1,1,2,1,1,1,1,1,2,2,3,4,1,1,3,1,1,1,3,4,2,1,2,4,2,1,1,4,2,3,1,3,3,3,1,1,1,4,3,2,1,3,1,1,4,1,1,1,4,1,3,2,2
Bulgaria,4,1,4,1,2,1,1,1,3,1,2,1,2,3,1,1,1,1,2,4,3,1,1,1,1,0,4,3,2,4,1,1,4,4,1,4,1,3,1,1,3,3,1,4,1,1,1,2,1,1,1,2,1,4,4,1,4,2,1,1,1,2,1,1,1,4,1,1,1,2,2,4,1,1,1,1,2,3,2,3,1,1,1,3,1,3,1,2,1,4,4,1,1,1,1,1,1,4,4,1,1,1,2,2,1,3,4,1,1,3,1,1,1,1,1,4,1,1,3,2,3,4,3,1,2,1,4,4,1,1,1,2,1,1,2,1,1,1,1,1,1,1,2,2,1,1,1,1,1,1,2,1,1,1,1,3,1,1,1,3,4,2,1,2,4,2,1,1,4,2,2,3,1,3,1,1,1,1,4,1,2,1,1,1,4,1,1,1,1,1,2,4,2,3
Burkina Faso,4,4,4,4,4,2,4,4,4,4,4,4,4,1,1,4,4,4,1,4,3,4,4,4,4,4,0,4,2,4,4,1,1,1,4,4,4,3,2,4,3,3,4,4,4,4,4,2,1,4,1,4,4,4,4,4,4,2,4,4,4,2,1,2,4,1,4,4,4,1,1,4,1,4,4,4,4,4,2,4,4,4,4,4,4,4,4,2,4,1,4,4,4,4,4,4,4,1,4,4,4,4,2,4,4,3,1,4,4,3,3,4,1,4,4,4,4,1,3,4,3,4,3,4,4,3,1,1,4,4,4,2,3,4,4,4,4,1,4,4,2,4,4,2,2,3,1,3,4,2,4,1,4,3,1,1,4,4,4,3,4,2,4,2,4,2,4,4,4,4,2,4,3,1,4,4,1,4,4,3,3,4,4,4,4,4,4,4,4,4,4,4,2,2
Burundi,4,4,4,4,4,2,4,4,4,4,4,4,1,3,1,4,4,4,1,4,3,4,4,4,4,4,4,0,2,4,4,3,1,4,4,4,4,3,2,4,3,3,4,4,4,4,4,2,1,4,1,4,4,4,4,4,4,2,4,4,4,2,4,2,4,3,4,4,4,4,2,4,1,4,4,4,2,4,2,4,4,4,4,4,4,4,4,1,4,4,4,4,4,4,4,4,4,4,4,4,4,4,4,4,4,3,4,4,4,3,1,4,1,4,4,4,4,4,3,4,3,4,3,4,4,3,4,4,4,4,4,2,3,4,4,4,4,1,4,4,2,4,4,1,2,3,1,3,4,2,4,3,4,3,1,4,4,4,4,3,4,2,4,2,4,2,4,4,4,4,2,4,3,3,4,4,4,4,4,3,1,4,4,4,4,4,4,4,4,4,4,4,3,3
Cambodia,4,4,4,4,4,2,4,2,4,4,4,4,4,3,4,4,4,4,2,4,4,4,4,4,1,4,4,4,0,4,4,3,4,4,4,4,4,3,2,4,3,3,4,4,4,4,4,2,1,4,1,4,4,4,4,4,4,2,4,4,4,2,1,2,4,4,4,4,4,2,2,4,1,4,4,4,2,1,2,4,4,4,4,4,4,4,4,2,4,4,4,4,4,4,4,4,4,4,4,4,4,4,2,2,1,3,4,4,3,3,3,4,1,4,4,4,4,4,3,1,3,4,3,4,4,3,4,4,4,4,4,2,3,1,4,4,4,4,4,4,2,4,4,2,2,3,1,3,4,2,4,4,4,1,1,3,4,4,4,3,4,2,4,2,4,2,4,4,4,4,2,1,3,3,4,4,4,4,4,3,2,2,4,4,4,4,2,4,4,4,1,4,2,2
Cameroon,4,4,4,4,4,2,4,4,4,4,4,4,2,3,1,4,4,4,1,4,3,4,4,4,4,4,4,4,2,0,4,3,1,1,4,4,4,3,2,4,3,3,4,4,4,4,4,2,1,4,4,4,4,1,4,4,4,2,4,4,4,1,4,4,4,3,4,1,4,4,2,4,1,4,4,4,2,4,2,4,4,4,4,4,4,4,4,2,4,1,2,4,4,4,4,4,4,4,4,4,4,4,2,4,4,3,4,4,4,3,3,4,1,4,4,4,4,4,3,2,3,4,4,4,4,4,4,1,4,4,4,2,3,4,4,4,4,1,4,4,2,4,4,2,2,3,1,3,4,2,4,3,4,3,1,3,4,4,4,3,2,2,4,4,4,2,4,4,4,4,2,4,3,3,4,4,4,4,4,3,2,4,4,4,4,4,2,1,4,4,4,4,2,2
Canada,4,1,4,1,2,1,1,2,2,1,2,1,2,3,1,1,1,1,2,4,1,1,1,1,1,1,3,3,2,4,0,1,4,4,1,4,1,3,1,1,3,3,1,4,1,1,1,2,1,1,1,2,1,4,4,1,1,2,1,1,1,2,1,1,1,4,1,1,1,2,2,1,1,1,1,1,4,3,4,3,1,1,1,1,1,3,1,2,1,4,1,1,1,1,1,1,1,4,4,1,1,1,2,2,1,3,4,1,3,3,1,1,1,1,1,1,1,1,3,2,1,4,3,1,2,1,4,4,1,1,1,2,3,1,2,1,1,1,1,1,1,1,4,2,1,1,1,1,1,1,2,1,1,1,1,3,1,1,1,3,1,2,1,4,4,2,1,1,4,1,2,1,3,3,3,1,1,2,4,3,2,1,3,1,1,1,1,1,1,4,2,4,2,2
Cabo Verde,4,4,4,4,1,2,4,4,4,4,4,1,4,3,4,4,4,4,1,4,3,4,4,4,4,4,1,4,2,4,4,0,4,4,4,4,4,3,2,4,3,3,4,4,4,4,4,2,1,4,1,4,4,4,4,4,4,2,4,4,4,2,1,2,4,1,4,4,4,1,1,4,1,4,4,4,2,4,2,4,4,4,4,4,4,3,4,2,4,1,1,4,4,4,4,4,4,1,4,4,4,4,2,3,1,3,1,4,4,3,1,4,1,4,4,4,4,4,1,4,3,4,3,4,4,3,1,1,4,4,4,2,3,1,4,4,4,1,4,4,2,4,1,2,2,3,1,3,4,1,4,1,4,3,1,1,4,4,4,3,1,2,4,2,4,2,4,4,4,2,2,4,1,1,4,4,1,4,4,3,3,4,4,4,4,4,2,4,4,4,4,4,2,3
Central African Republic,4,4,4,4,4,2,4,4,4,4,4,4,4,3,4,4,4,4,1,4,3,4,4,4,4,4,1,4,2,1,4,3,0,1,4,4,4,3,2,4,3,3,4,4,4,4,4,2,1,4,1,4,4,1,4,4,4,2,4,4,4,1,4,4,4,3,4,4,4,4,2,4,1,4,4,4,4,4,2,4,4,1,4,4,4,4,4,2,4,4,4,4,4,4,4,4,4,4,4,4,4,4,2,4,4,3,4,4,4,3,3,4,1,4,4,4,4,4,3,4,3,4,3,4,4,3,4,4,4,4,4,2,3,4,4,4,4,1,4,4,2,4,4,1,4,4,1,3,4,2,4,1,4,3,1,4,4,4,4,3,4,2,4,2,4,2,4,4,4,4,2,4,3,3,4,4,4,4,4,3,3,4,4,4,4,4,4,4,4,4,4,4,4,4
Chad,4,4,4,4,4,2,4,4,4,4,4,4,4,3,4,4,4,4,1,4,4,4,4,4,4,4,3,4,2,1,4,3,1,0,4,4,4,3,2,4,3,3,4,4,4,4,4,2,1,4,1,4,4,1,4,4,4,2,4,4,4,1,4,4,4,3,4,4,4,4,2,4,1,4,4,4,4,4,2,4,4,4,4,4,4,4,4,2,4,1,4,4,4,4,4,4,4,4,4,4,4,4,2,4,1,3,1,4,4,3,1,4,1,4,4,4,4,4,3,4,3,4,3,4,4,3,1,1,4,4,4,4,3,4,4,4,4,1,4,4,2,4,4,1,2,4,1,3,4,2,4,3,4,3,1,4,4,4,4,3,4,2,4,2,4,2,4,4,4,4,4,4,3,3,4,4,4,4,4,3,3,4,4,4,4,4,4,4,4,4,4,4,2,2
Chile,4,1,4,1,2,1,1,2,4,1,2,1,2,3,1,1,1,1,2,4,1,1,1,1,4,1,4,3,2,4,1,3,4,4,0,4,1,3,1,1,3,3,1,4,1,1,1,2,1,1,1,3,1,4,4,1,1,2,1,1,1,2,4,1,1,4,1,1,1,4,2,1,1,1,1,1,2,3,2,4,1,1,1,1,1,3,1,2,4,4,1,4,4,4,4,4,4,4,4,1,1,1,2,2,1,3,4,1,3,3,1,1,1,1,1,1,1,1,3,2,3,4,3,1,2,1,4,4,1,1,1,2,3,1,2,1,1,1,1,1,1,1,1,2,1,1,1,1,1,2,4,3,1,1,1,4,1,1,3,3,1,2,1,2,4,2,1,1,4,2,2,1,3,3,4,1,1,1,4,3,2,1,1,1,1,1,1,1,1,4,1,4,2,2
China,4,1,4,1,2,1,4,1,4,4,2,1,2,3,1,1,4,4,2,4,3,1,4,4,3,4,4,3,2,4,4,3,4,4,4,0,4,3,1,4,3,3,4,4,4,4,4,2,1,4,1,2,4,4,4,4,4,2,1,4,4,2,4,2,4,4,4,1,4,2,2,4,1,4,4,4,4,3,1,3,4,4,4,1,4,3,1,2,4,4,2,4,4,4,4,4,4,4,4,4,4,4,2,2,2,3,4,4,4,3,1,4,1,4,4,4,4,1,3,2,4,4,3,4,4,4,4,4,4,4,1,2,3,4,2,4,4,4,4,4,1,4,4,2,1,1,4,1,1,2,2,3,1,1,2,3,4,4,4,3,2,2,4,2,4,1,4,4,4,2,2,2,3,3,1,4,1,2,4,3,2,2,1,4,4,4,1,1,4,4,4,4,1,2
Colombia,4,1,4,1,4,1,1,2,4,1,2,1,2,3,1,4,1,1,2,4,1,1,4,1,4,1,3,3,2,4,4,3,4,4,1,4,0,3,1,1,3,3,1,1,1,1,1,2,1,1,1,3,1,4,4,1,4,2,1,1,1,2,4,1,1,4,1,4,1,2,2,1,4,1,1,1,2,3,4,4,4,1,1,1,4,3,1,2,4,4,4,4,4,4,4,4,4,4,4,1,1,1,2,2,2,3,4,1,3,3,3,1,1,1,1,4,1,1,3,2,4,4,3,1,4,3,4,4,1,1,1,2,3,1,4,1,1,1,1,1,1,1,1,2,1,4,1,1,1,2,4,3,1,1,1,4,1,1,4,3,4,2,1,2,4,2,1,1,4,2,2,4,3,3,4,1,4,1,4,3,2,1,1,1,4,1,2,4,1,1,2,4,2,2
Comoros,4,4,4,4,4,2,4,4,4,4,4,4,4,3,4,4,4,4,1,4,3,4,4,4,4,4,3,4,2,4,4,3,4,4,4,4,4,0,2,4,4,4,4,4,4,4,4,2,1,4,1,4,4,4,4,4,4,2,4,4,4,2,4,4,4,3,4,4,4,4,2,4,1,4,4,4,2,4,2,4,4,4,4,4,4,4,4,2,4,4,4,4,4,4,4,4,2,4,4,4,4,4,2,3,1,3,4,4,4,3,3,4,1,4,4,4,4,4,3,4,3,4,3,4,4,3,4,4,4,4,4,2,3,1,4,4,4,1,4,4,2,4,4,2,4,3,1,3,4,2,4,3,4,3,1,4,4,4,4,3,4,2,4,2,4,2,4,4,4,4,2,4,3,3,4,4,1,4,4,3,1,4,4,4,4,4,4,4,4,4,4,4,3,3
Republic of the Congo,4,4,4,4,4,2,4,4,4,4,4,4,4,3,4,4,4,4,1,4,3,4,4,4,4,4,4,4,2,1,4,3,1,1,4,4,4,3,0,4,3,3,4,4,4,4,4,2,1,4,4,4,4,1,4,4,4,2,4,4,4,1,4,4,4,3,4,4,4,4,2,4,1,4,4,4,4,4,3,4,4,4,4,4,4,4,4,2,4,4,4,4,4,4,4,4,4,4,4,4,4,4,2,3,4,3,4,4,4,3,1,4,1,4,4,4,4,2,3,2,4,4,3,4,4,4,4,4,4,4,4,2,3,4,4,4,4,1,4,4,2,4,4,2,2,4,1,1,4,2,4,1,4,1,1,4,4,4,4,3,4,2,4,4,4,2,4,4,4,4,2,4,3,3,4,4,4,4,4,3,3,4,4,4,4,4,4,4,4,4,4,4,3,2
Democratic Republic of the Congo,4,4,4,4,4,2,4,4,4,4,4,4,4,4,4,4,4,4,1,4,4,4,4,4,4,4,3,1,2,4,4,3,1,4,4,4,4,3,2,0,3,3,4,4,4,4,4,2,1,4,4,4,4,4,4,4,4,2,4,4,4,4,4,2,4,3,4,4,4,4,2,4,1,4,4,4,4,4,2,4,4,4,4,4,4,4,4,2,4,4,2,4,4,4,4,4,4,4,4,4,4,4,2,3,4,3,4,4,4,3,1,4,1,4,4,4,4,4,3,4,4,4,3,4,4,4,4,4,4,4,4,4,3,4,4,4,4,1,4,4,2,4,4,1,2,4,1,1,4,2,4,3,4,1,1,4,4,4,4,3,2,2,4,4,4,2,4,4,4,4,2,4,3,3,4,4,4,4,4,3,3,4,4,4,4,4,4,4,4,4,4,4,3,1
Costa Rica,4,1,4,1,4,2,1,2,4,1,2,1,4,4,1,4,1,1,2,4,1,1,1,1,1,1,4,4,2,4,4,3,4,4,1,4,1,3,1,1,0,3,1,4,1,1,1,2,1,1,1,3,1,4,4,1,4,2,4,1,1,2,1,1,1,4,1,1,1,4,3,1,1,1,1,1,2,4,2,4,1,1,1,1,1,3,4,2,4,4,1,4,4,4,4,4,2,4,4,1,1,1,2,3,1,3,4,1,3,3,1,1,1,1,1,4,1,4,3,2,4,4,3,1,4,1,4,4,1,1,4,2,3,1,4,1,1,1,1,1,1,1,1,2,1,1,1,1,1,2,4,3,1,1,1,4,1,1,3,3,1,4,1,2,2,2,1,1,4,2,2,4,3,3,4,1,1,3,4,3,2,2,1,1,4,1,1,4,1,1,4,4,2,2
Cote d'Ivoire,4,4,4,4,4,2,4,4,4,4,4,4,2,4,4,4,4,4,1,4,3,4,4,4,4,4,1,4,2,4,4,1,1,1,4,4,4,3,2,4,3,0,4,4,4,4,4,2,1,4,4,4,4,4,4,4,4,2,4,4,4,2,1,4,4,1,4,4,4,1,1,4,1,4,4,4,2,4,2,4,4,4,4,4,4,4,4,2,4,1,4,4,4,4,4,4,4,1,4,4,4,4,2,3,4,3,1,4,4,1,3,4,1,4,4,4,4,1,3,2,3,4,3,4,4,3,1,1,4,4,4,2,3,4,4,4,4,1,4,4,2,4,4,2,4,3,1,3,4,2,4,1,4,3,1,1,4,4,4,3,4,2,4,4,4,2,4,4,4,4,2,4,3,1,4,4,1,4,4,3,3,4,4,4,4,4,2,4,4,4,4,4,2,2
Croatia,4,1,4,1,4,1,1,1,2,1,4,1,3,3,1,1,1,1,4,4,1,1,1,1,1,1,4,3,3,4,2,1,4,4,1,4,1,4,4,4,1,4,0,4,1,1,1,4,1,1,1,3,1,4,4,1,1,4,1,1,1,3,1,1,1,4,1,1,1,4,3,4,1,4,1,1,4,3,4,3,1,1,1,3,1,3,1,4,1,4,2,3,1,3,1,3,4,4,4,1,1,1,3,3,1,3,4,1,1,3,1,1,1,1,1,3,1,1,3,4,4,4,3,1,2,1,4,4,1,1,1,2,1,1,3,1,1,1,1,1,1,1,4,3,1,1,1,1,1,1,3,1,1,3,1,3,1,1,1,3,4,4,1,2,4,4,1,1,4,1,3,4,1,3,1,1,1,1,4,1,3,1,1,1,2,1,1,1,1,1,4,4,3,3
Cuba,4,4,4,4,2,1,2,2,4,4,2,4,2,3,1,1,4,4,2,4,3,4,1,4,4,4,3,3,2,4,4,3,4,4,4,4,4,3,1,4,3,4,4,0,4,4,4,2,1,4,4,3,4,4,4,4,4,2,4,4,4,2,1,2,4,4,4,1,4,4,2,1,4,4,4,4,2,4,2,4,4,4,4,4,4,4,4,2,4,4,4,4,4,4,4,4,4,4,4,4,4,4,2,4,1,3,4,4,3,3,3,4,1,1,4,1,1,4,3,4,1,4,3,4,4,1,4,4,1,4,2,2,3,4,4,4,4,4,4,4,1,4,1,2,1,1,1,1,4,2,4,3,1,1,1,4,4,4,4,3,4,2,4,2,4,2,4,4,4,1,2,4,3,3,4,1,4,4,4,3,2,4,4,4,4,4,1,1,4,4,2,4,2,2
Cyprus,4,1,4,1,2,1,1,1,3,1,2,1,2,3,1,1,1,1,2,4,3,1,1,1,1,1,4,3,2,4,1,1,4,4,1,4,1,3,1,1,3,2,1,4,0,1,1,2,1,1,1,2,1,4,4,1,1,2,1,1,1,2,1,1,1,4,1,1,1,2,3,4,1,1,1,1,2,3,3,4,1,1,1,1,1,3,1,1,1,4,1,1,1,1,1,1,1,4,4,1,1,1,2,2,1,3,4,1,1,3,1,1,1,1,1,3,1,1,3,2,4,4,3,1,2,1,4,4,1,1,2,2,1,1,2,1,1,1,1,1,1,1,2,2,1,1,1,1,1,1,2,1,1,1,1,3,1,1,1,3,1,2,1,2,4,2,1,1,4,2,1,3,1,3,1,1,4,2,4,1,1,1,1,1,4,1,1,1,1,1,2,4,1,1
Czech Republic,4,1,4,1,2,1,1,1,3,1,2,1,2,3,1,1,1,1,2,4,1,1,1,1,1,1,3,3,2,4,1,1,4,4,1,4,1,3,1,1,3,2,1,4,1,0,1,2,1,1,1,2,1,4,4,1,1,2,1,1,1,2,4,1,1,4,1,1,1,2,2,4,1,1,1,1,2,3,2,3,1,1,1,1,1,3,1,2,1,4,1,1,1,1,1,1,1,4,4,1,1,1,2,2,1,3,4,1,1,3,1,1,1,1,1,4,1,1,3,2,3,4,3,1,2,1,4,4,1,1,1,2,1,1,2,1,1,1,1,1,1,1,2,2,1,1,1,1,1,1,2,1,1,1,1,3,1,1,1,3,1,2,1,2,4,2,1,1,4,1,2,1,1,3,1,1,1,1,4,1,2,1,1,1,1,1,1,1,1,1,2,4,2,2
Denmark,4,1,4,1,2,1,1,1,3,1,2,1,2,3,1,1,1,1,2,4,1,1,1,1,1,1,3,3,2,4,1,1,4,4,1,4,1,3,1,1,3,2,1,4,1,1,0,2,1,1,1,2,1,4,4,1,1,2,1,1,1,2,1,1,1,4,1,1,1,2,2,1,1,1,1,1,2,3,2,3,1,1,1,1,4,3,1,2,1,4,1,1,1,1,1,1,1,4,4,1,1,1,2,2,1,3,4,1,1,3,1,1,1,1,1,3,1,1,3,2,1,4,3,1,2,1,4,4,1,1,1,2,1,1,2,1,1,1,1,1,1,1,2,2,1,1,1,1,1,1,2,1,1,1,1,3,1,1,1,3,1,2,1,2,4,2,1,1,4,1,2,1,1,3,1,1,1,1,4,1,2,1,1,1,1,1,1,1,1,1,1,4,2,2
Djibouti,4,4,4,4,4,2,4,4,4,4,2,4,4,3,4,4,4,4,1,4,3,4,4,4,4,4,3,4,2,4,4,3,4,4,4,4,4,3,2,4,3,2,4,4,4,4,4,0,1,4,1,4,4,4,4,4,4,1,4,4,4,2,4,2,4,3,4,4,4,4,2,4,1,4,4,4,2,4,2,4,4,4,4,4,4,4,4,2,4,4,4,4,4,4,4,4,4,4,4,4,4,4,2,4,4,3,4,4,4,3,3,4,1,4,4,4,4,4,3,4,3,4,3,4,4,3,4,4,4,4,4,2,3,4,4,4,4,1,4,4,2,4,4,2,2,3,1,3,4,2,4,1,4,3,1,4,4,4,4,3,4,2,2,2,4,2,4,4,4,4,4,4,3,1,4,4,4,4,4,3,2,4,4,4,4,4,4,4,4,4,4,4,3,2
Dominica,1,4,4,1,4,1,1,3,2,1,4,1,2,3,1,1,1,1,2,4,3,1,1,1,4,1,4,4,3,4,4,3,4,4,4,1,1,3,1,1,3,2,1,1,1,1,1,2,0,1,1,3,4,4,4,1,1,2,1,1,1,2,1,2,1,4,1,1,4,4,3,1,1,4,1,1,2,4,2,4,1,1,1,1,4,3,4,1,4,4,4,4,4,4,4,4,4,4,4,1,1,1,2,1,1,3,4,1,4,3,1,4,1,1,1,4,1,4,3,4,4,4,3,1,4,3,4,4,4,1,4,2,3,1,2,4,1,1,1,1,1,1,1,2,1,1,1,3,1,2,4,3,1,3,1,3,1,1,3,3,4,2,1,2,4,1,1,1,4,2,1,4,3,3,3,1,4,2,4,3,3,1,2,1,4,1,1,1,1,1,4,4,1,2
Dominican Republic,4,4,4,4,4,2,2,2,4,4,4,4,2,3,4,4,4,1,2,4,3,4,1,1,4,4,4,4,2,4,4,3,4,4,4,4,1,3,1,4,3,4,4,4,4,4,4,2,4,0,1,3,1,4,4,4,4,2,4,4,4,2,1,1,4,4,4,1,1,4,2,1,4,1,4,4,2,4,2,4,4,1,4,4,1,3,4,2,4,4,4,4,4,4,4,4,4,4,4,4,4,4,2,3,1,3,4,4,4,3,3,4,1,4,4,4,4,1,3,4,4,4,3,4,4,3,4,4,4,4,4,2,3,4,4,1,1,1,4,4,1,4,1,2,4,4,4,1,4,2,4,3,4,1,1,4,4,4,1,3,4,2,4,2,4,2,4,4,4,2,2,4,3,3,4,1,1,2,4,3,2,2,4,4,4,4,1,4,4,4,4,4,2,2
Ecuador,4,4,4,4,4,2,1,2,4,4,2,1,2,3,4,1,4,4,2,4,1,4,4,1,4,4,3,3,2,4,4,3,4,4,1,1,1,3,1,4,3,2,4,4,4,4,4,2,1,1,0,3,1,4,4,4,4,2,4,4,4,2,4,1,4,4,4,1,4,4,2,1,1,1,4,4,2,3,2,4,4,1,4,1,4,3,1,2,4,4,1,4,4,4,4,4,4,4,4,4,4,4,2,2,1,3,4,4,4,3,3,4,1,1,4,1,1,4,3,2,4,4,3,4,4,1,4,4,4,4,1,2,3,1,2,1,1,1,4,4,1,4,1,2,1,3,1,1,4,2,4,3,4,1,1,4,4,4,3,3,1,2,4,2,4,2,4,4,4,1,2,4,3,3,4,1,4,1,4,3,2,1,4,4,4,1,2,4,4,4,4,4,2,2
Egypt,4,4,4,4,4,2,1,2,4,4,2,1,2,3,4,1,4,4,2,4,1,4,4,1,4,4,3,3,2,4,4,3,4,4,1,1,1,3,1,4,3,2,4,4,4,4,4,2,1,1,1,0,1,4,4,4,4,2,4,4,4,2,4,1,4,4,4,1,4,4,2,1,1,1,4,4,2,3,2,4,4,1,4,1,4,3,1,2,4,4,1,4,4,4,4,4,4,4,4,4,4,4,2,2,1,3,4,4,4,3,3,4,1,1,4,1,1,4,3,2,4,4,3,4,4,1,4,4,4,4,1,2,3,1,2,1,1,1,4,4,1,4,1,2,1,3,1,1,4,2,4,3,4,1,1,4,4,4,3,3,1,2,4,2,4,2,4,4,4,1,2,4,3,3,4,1,4,1,4,3,2,1,4,4,4,1,2,4,4,4,4,4,2,2
El Salvador,4,1,4,1,4,2,1,2,4,1,4,1,4,3,1,1,1,1,2,4,3,1,4,1,4,1,4,4,2,4,4,3,4,4,1,4,1,3,2,1,3,4,1,4,1,1,1,2,1,1,1,3,0,4,4,1,4,2,4,1,1,2,1,1,1,4,1,4,1,4,2,4,1,1,1,1,2,4,3,4,1,1,1,1,1,3,4,2,4,4,4,4,4,4,4,4,4,4,4,1,1,1,2,4,1,3,4,1,4,3,1,4,1,1,1,4,1,4,3,4,4,4,3,1,4,1,4,4,1,1,4,2,3,1,4,1,4,1,1,1,2,1,1,2,1,3,1,3,1,2,4,3,4,3,1,4,1,1,4,3,4,2,1,2,4,2,1,1,4,2,2,4,3,3,4,1,4,1,4,3,2,2,1,4,4,1,1,4,1,4,4,4,2,2
Equatorial Guinea,4,4,4,4,2,2,4,4,4,4,4,4,4,3,4,4,4,4,1,4,3,4,4,4,4,4,4,4,2,1,4,3,1,1,4,4,4,3,2,4,3,4,4,4,4,4,4,2,1,4,1,4,4,0,4,4,4,2,4,4,4,1,4,2,4,3,4,4,4,4,2,4,1,4,4,4,2,1,3,4,4,4,4,4,4,4,4,2,4,4,4,4,4,4,4,4,4,4,4,4,4,4,2,3,4,3,4,4,4,3,3,4,1,4,4,4,4,4,3,4,3,4,3,4,4,3,4,4,4,4,4,2,3,4,4,4,4,1,4,4,2,4,4,2,2,3,1,3,4,1,4,3,4,3,1,4,4,4,4,3,4,2,4,2,4,2,4,4,4,4,4,4,3,3,4,4,1,4,4,3,3,4,4,4,4,4,4,4,4,4,4,4,2,3
Eritrea,4,4,4,4,4,2,4,4,4,4,4,4,4,3,4,4,4,4,1,4,3,4,4,4,4,4,3,4,2,4,4,3,4,4,4,4,4,3,4,4,4,4,4,4,4,4,4,2,1,4,4,4,4,4,0,4,4,2,4,4,4,2,4,2,4,3,4,4,4,4,2,4,1,4,4,4,2,4,3,4,4,4,4,4,4,4,4,2,4,4,4,4,2,2,4,4,2,4,4,4,4,4,2,4,4,3,4,4,4,3,3,4,1,4,4,4,4,4,4,2,3,4,3,4,4,4,4,4,4,4,4,2,3,4,4,4,4,1,4,4,2,4,4,2,2,4,1,3,4,2,4,4,4,3,1,4,4,4,4,3,4,2,4,2,4,2,4,4,4,4,4,4,3,3,4,4,4,4,4,3,1,4,4,4,4,4,4,4,4,4,4,4,3,2
Estonia,4,1,4,1,2,1,1,1,3,1,2,1,2,3,1,1,1,1,2,4,1,1,1,1,1,1,3,4,2,4,1,1,4,4,1,4,1,3,1,1,3,2,1,4,1,1,1,2,1,1,1,2,1,4,4,0,1,2,1,1,1,2,1,1,1,4,1,1,1,2,2,4,1,1,1,1,2,3,2,3,1,1,1,3,1,3,1,2,1,4,4,1,1,1,1,1,1,4,4,1,1,1,2,2,1,3,4,1,1,3,1,1,1,1,1,3,1,1,3,2,4,4,3,1,2,1,4,4,1,1,2,2,1,1,2,1,1,1,1,1,1,1,2,2,1,1,1,1,1,1,2,1,1,1,1,3,1,1,1,3,4,2,1,2,4,2,1,1,4,1,2,1,1,3,1,1,1,1,4,1,2,1,1,1,1,1,1,1,1,1,2,4,2,2
Eswatini,4,4,4,4,2,1,4,4,4,4,4,1,4,3,1,4,4,1,1,4,3,4,1,4,4,4,4,4,2,4,4,3,4,4,4,4,4,3,2,4,3,2,4,4,4,4,4,2,1,4,1,4,4,4,4,4,0,2,1,4,4,2,1,2,4,1,4,1,4,4,2,1,1,4,4,4,2,4,3,4,1,1,4,1,4,3,4,1,4,4,1,4,4,4,4,4,4,4,4,4,4,4,2,1,1,3,4,4,4,3,1,4,1,4,4,4,4,4,1,4,1,4,4,4,4,3,4,4,4,4,4,4,3,4,4,4,4,1,4,4,2,4,4,2,1,1,1,3,4,2,4,3,4,3,1,3,4,4,4,3,1,2,4,2,4,2,2,4,4,4,1,4,3,3,4,1,4,4,4,3,1,4,4,4,4,4,4,1,4,4,4,4,1,1
Ethiopia,4,4,4,4,4,2,4,4,4,4,4,4,4,4,1,4,4,4,1,4,3,4,4,4,4,4,4,4,2,4,4,3,4,4,4,4,4,3,2,4,3,4,4,4,4,4,4,2,1,4,4,4,4,4,3,4,4,0,4,4,4,2,4,2,4,3,4,4,4,4,2,4,1,4,4,4,4,4,3,4,4,4,4,4,4,4,4,1,4,4,2,4,4,4,4,4,4,4,4,4,4,4,2,4,4,3,4,4,4,3,3,4,1,4,4,4,4,4,3,4,4,4,4,4,4,3,4,4,4,4,4,2,3,4,4,4,4,1,4,4,2,4,4,2,4,3,1,3,4,2,4,3,4,3,1,4,4,4,4,3,2,2,4,2,4,2,4,4,4,4,4,3,3,3,4,4,4,4,4,3,2,4,4,4,4,4,4,4,4,4,4,4,2,2
Fiji,4,4,4,4,4,1,1,2,4,4,4,1,4,1,1,4,4,1,2,4,3,4,4,1,4,4,4,4,2,4,4,3,4,4,1,1,1,3,2,4,3,4,1,4,4,4,4,2,1,1,1,3,1,4,4,4,4,2,0,4,4,4,1,2,4,4,4,4,1,4,2,4,1,1,4,4,2,4,3,4,1,1,4,1,4,3,4,1,1,4,4,1,1,1,1,1,1,4,4,4,4,4,2,1,1,3,4,4,3,3,1,4,1,4,4,4,4,4,3,2,4,3,3,4,4,1,4,4,4,4,4,4,3,1,2,4,1,1,4,4,2,4,1,2,1,1,1,3,4,2,4,3,4,3,1,3,4,4,3,3,4,2,4,2,4,2,4,4,4,2,2,3,3,3,3,4,1,2,4,3,1,4,4,4,4,4,2,1,4,4,2,4,1,1
Finland,4,1,4,1,2,1,1,1,3,1,2,1,2,3,1,1,1,1,2,4,1,1,1,1,1,1,3,3,2,4,1,1,4,4,1,4,1,3,1,1,3,2,1,4,1,1,1,2,1,1,1,2,1,4,4,1,1,2,1,0,1,2,1,1,1,4,1,1,1,2,2,1,1,1,1,1,2,3,2,3,1,1,1,1,1,3,1,2,1,4,1,1,1,1,1,1,1,4,4,1,1,1,2,2,1,3,4,1,1,3,1,1,1,1,1,3,1,1,3,2,1,4,3,1,2,1,4,4,1,1,2,2,1,1,2,1,1,1,1,1,1,1,2,2,1,1,1,1,1,1,2,1,1,1,1,3,1,1,1,3,1,2,1,2,4,2,1,1,4,1,2,1,1,3,1,1,1,1,4,1,2,1,1,1,1,1,1,1,1,1,1,4,2,2
France,4,1,4,1,2,1,1,1,3,1,2,1,2,3,1,1,1,1,2,4,1,1,1,1,1,1,3,3,2,4,2,2,4,4,1,4,1,3,1,1,3,2,1,4,1,1,1,2,1,1,1,2,1,4,4,1,1,2,1,1,0,2,1,1,1,4,1,1,1,2,2,1,1,1,1,1,2,3,2,3,1,1,1,1,1,3,1,2,1,2,1,1,1,1,1,1,1,4,4,1,1,1,2,2,1,3,4,1,1,3,1,1,1,1,1,2,1,1,3,2,1,4,3,1,2,1,4,2,1,1,2,2,1,1,2,1,1,1,1,1,1,1,4,2,1,1,1,1,1,1,2,1,1,3,1,3,1,1,1,3,1,2,1,2,4,2,1,1,4,1,2,1,1,3,1,1,1,1,4,1,2,1,1,1,3,1,1,1,1,1,2,4,2,3
Gabon,4,4,4,4,4,2,4,4,4,4,4,4,2,1,4,4,4,4,1,4,3,4,4,4,4,4,4,4,2,1,4,3,1,1,4,4,4,3,2,4,3,4,4,4,4,4,4,2,1,4,1,4,4,1,4,4,4,2,4,4,4,0,4,4,4,3,4,4,4,4,2,4,1,4,4,4,2,4,3,4,4,4,4,4,4,4,4,2,4,4,1,4,4,4,4,4,4,4,4,4,4,4,2,3,1,3,4,4,4,3,1,4,1,4,4,4,4,1,3,4,3,4,3,4,4,3,4,4,4,4,4,2,3,1,4,4,4,1,4,4,2,4,4,2,2,3,1,3,4,1,4,3,4,3,1,4,4,4,4,3,1,2,4,4,4,2,4,4,4,4,2,4,3,3,4,4,1,4,4,3,3,4,4,4,4,4,2,4,4,4,4,4,2,2
Gambia,4,4,4,4,4,2,4,4,4,4,4,1,4,1,1,4,4,1,1,4,3,4,1,4,4,4,1,4,2,4,4,1,4,4,4,4,4,3,2,4,3,1,4,4,4,4,4,2,1,4,4,4,4,4,4,4,3,2,1,4,4,2,0,2,4,1,4,1,4,1,1,4,1,4,4,4,2,4,3,4,4,4,4,1,4,4,4,1,4,1,4,4,4,4,4,4,4,1,4,4,4,4,2,1,1,3,1,4,4,1,1,4,1,4,4,4,4,4,3,4,3,4,3,4,4,3,1,1,4,4,4,2,3,4,4,4,4,1,4,4,2,4,4,2,1,3,1,1,4,2,4,1,4,1,1,1,4,4,4,3,4,2,4,2,4,2,4,4,4,4,1,4,3,1,4,1,1,4,4,3,1,4,4,4,4,4,4,1,4,4,4,4,2,2
Georgia,4,1,4,1,4,1,1,1,4,1,1,1,2,3,1,1,1,4,2,4,3,1,4,1,4,1,4,4,2,4,4,3,4,4,1,4,1,3,1,1,3,2,1,4,1,1,1,2,1,4,1,3,4,4,4,1,4,2,1,1,1,2,4,0,1,4,1,1,4,2,2,4,1,4,1,1,2,4,1,4,4,1,1,3,4,3,1,2,4,4,4,4,4,4,4,4,4,4,4,1,1,1,2,2,1,3,4,1,3,3,1,4,1,1,1,4,1,4,3,2,4,4,3,1,4,3,4,4,1,1,4,2,3,1,4,4,4,4,1,1,1,1,4,2,2,1,1,3,1,2,4,4,1,3,2,4,1,1,4,3,4,2,1,2,4,2,1,1,4,1,2,3,3,3,4,4,4,1,4,3,2,1,1,4,4,1,1,4,1,4,2,4,2,2
Germany,4,1,4,1,2,1,1,1,3,1,2,1,2,3,1,1,1,1,2,4,1,1,1,1,1,1,3,3,2,4,2,2,4,4,1,4,1,3,1,1,3,2,1,4,1,1,1,2,1,1,1,2,1,4,4,1,1,2,1,1,1,2,1,1,0,4,1,1,1,2,2,1,1,1,1,1,2,3,2,3,1,1,1,1,1,3,1,2,1,2,1,1,1,1,1,1,1,4,4,1,1,1,2,2,1,3,4,1,1,3,1,1,1,1,1,1,1,1,3,2,1,4,3,1,2,1,4,2,1,1,2,2,1,1,2,1,1,1,1,1,1,1,4,2,1,1,1,1,1,1,2,1,1,1,1,3,1,1,1,3,1,2,1,2,4,2,1,1,4,1,2,1,1,3,1,1,1,1,4,1,2,1,1,1,3,1,1,1,1,1,2,4,2,3
Ghana,4,4,4,4,4,2,4,4,4,4,4,4,2,1,1,4,4,1,1,4,3,4,2,4,4,4,1,4,2,4,4,1,4,4,4,4,2,3,4,4,4,1,4,4,4,4,4,2,1,4,4,4,4,4,4,4,1,2,1,4,4,2,1,2,4,0,4,1,4,1,1,1,1,4,4,4,2,4,3,4,4,4,4,1,4,3,4,1,4,4,4,4,2,4,4,4,1,1,4,4,4,4,2,2,4,3,1,4,4,3,1,4,1,4,4,4,4,4,3,2,4,4,4,4,4,3,1,1,4,4,4,2,3,4,4,4,4,1,4,4,2,4,4,1,1,3,1,3,4,2,4,1,4,3,1,1,4,4,4,3,4,2,4,4,4,2,4,4,4,4,1,4,3,1,4,1,4,4,4,3,1,4,4,4,4,4,2,1,4,4,4,4,2,1
Greece,4,1,4,1,2,1,1,1,3,1,2,1,2,3,1,1,1,1,2,4,1,1,1,1,1,1,3,4,2,4,1,1,4,4,1,4,1,3,4,4,1,2,1,4,1,1,1,2,1,1,1,2,1,4,4,1,1,2,1,1,1,2,1,1,1,4,0,1,1,2,2,1,1,1,1,1,2,3,2,3,1,1,1,1,1,3,1,2,1,4,1,2,1,2,1,3,2,4,4,1,1,1,2,2,1,3,4,1,1,3,1,1,1,1,1,3,1,1,3,2,4,4,3,1,2,1,4,4,1,1,2,2,1,1,2,1,1,1,1,1,1,1,2,2,1,1,1,1,1,1,2,1,1,1,1,3,1,1,1,3,1,2,1,2,4,2,1,1,4,1,2,1,1,3,1,1,1,1,4,1,2,1,1,1,1,1,1,1,1,1,2,4,2,2
Grenada,4,4,4,1,4,1,1,3,4,1,4,1,2,1,1,4,1,1,2,4,3,1,1,1,4,1,4,4,3,4,4,3,4,4,1,1,1,3,4,4,1,4,1,1,1,1,1,2,1,1,1,3,4,4,4,1,1,2,1,1,1,2,1,2,1,4,1,0,4,4,3,1,1,4,1,1,2,4,3,4,1,1,1,1,4,3,4,1,1,4,2,4,2,2,1,4,1,4,4,1,1,1,2,1,1,3,4,1,4,3,1,4,1,1,1,4,1,4,3,4,4,4,3,1,4,3,4,4,4,1,4,2,3,1,2,4,1,1,1,1,2,1,1,2,1,1,1,3,1,2,4,3,1,3,1,3,1,1,3,3,4,2,1,2,4,1,1,1,4,2,1,4,3,3,4,1,4,2,4,3,1,1,4,1,4,1,1,1,1,1,4,4,1,1
Guatemala,4,1,4,1,4,2,1,2,4,1,2,1,4,4,1,4,1,1,2,4,3,1,4,1,4,1,4,4,2,4,4,3,4,4,1,4,1,3,4,4,1,4,1,4,1,1,1,2,1,1,1,4,1,4,4,1,4,2,4,1,1,2,1,2,1,4,1,4,0,4,2,4,1,1,1,1,2,4,3,4,1,1,1,1,1,3,4,2,4,4,1,4,2,2,1,4,2,4,4,1,1,1,2,3,1,3,4,1,3,3,1,4,1,1,1,4,1,4,3,2,4,4,3,1,4,1,4,4,1,1,4,2,3,1,4,1,1,1,1,1,2,1,1,2,1,3,1,1,1,2,4,3,4,1,1,4,1,1,4,3,4,2,1,2,4,2,1,1,4,2,2,4,3,3,4,1,4,1,4,3,2,2,4,1,4,1,1,4,1,4,4,4,2,2
Guinea,4,4,4,4,4,1,4,2,4,4,4,1,4,1,4,4,4,4,2,4,3,4,1,4,4,4,4,4,2,4,1,3,4,4,4,4,1,3,4,4,4,4,4,4,4,4,4,2,1,1,1,3,4,4,4,4,1,2,1,4,4,4,1,2,4,4,4,1,4,0,2,4,1,4,4,4,2,4,2,4,4,1,4,1,4,4,4,1,4,4,4,4,2,2,4,4,1,4,4,4,4,4,2,4,1,3,4,4,3,3,1,4,1,4,4,4,4,4,3,2,4,3,3,4,4,3,4,4,4,4,4,2,3,1,4,4,1,1,4,4,2,4,4,2,1,3,1,1,4,2,4,3,4,3,1,3,4,4,3,3,4,2,4,2,4,2,4,4,4,2,1,3,3,3,3,4,4,4,4,3,2,4,4,1,4,4,4,1,4,4,2,4,2,2
Guinea-Bissau,4,4,4,4,2,2,4,4,4,4,4,4,4,1,4,4,4,4,1,4,3,4,4,4,4,4,1,4,2,4,4,1,4,4,4,4,4,3,4,4,4,1,4,4,4,4,4,2,1,4,1,4,4,4,4,4,4,2,4,4,4,2,1,2,4,1,4,4,4,1,0,4,1,4,4,4,4,4,3,4,4,4,4,4,4,4,4,2,4,4,4,4,2,4,4,4,2,1,4,4,4,4,2,3,4,3,1,4,4,3,3,4,1,4,4,4,4,4,3,4,3,4,3,4,4,3,1,1,4,4,4,2,3,4,4,4,4,1,4,4,2,4,4,2,2,3,1,3,4,1,4,1,1,3,1,1,4,4,4,3,4,2,4,4,4,2,4,4,4,4,2,4,3,1,4,4,1,4,4,3,3,4,4,4,4,4,4,4,4,4,4,4,2,2
Guyana,4,4,4,4,4,1,1,2,4,4,4,1,2,3,1,4,4,1,2,4,3,4,1,1,4,4,4,4,2,4,4,3,4,4,1,4,1,3,4,4,1,2,4,4,4,4,4,2,1,1,1,3,4,4,4,4,1,2,1,4,4,2,1,2,4,1,4,1,4,4,2,0,1,4,4,4,2,4,3,4,1,4,4,1,4,3,4,2,4,4,1,4,2,2,4,4,1,4,4,4,4,4,2,3,1,3,4,4,4,3,4,4,1,4,4,4,4,4,3,4,4,4,3,4,4,3,4,4,4,4,4,2,3,1,2,4,1,1,4,4,1,4,1,2,1,1,1,3,4,2,4,4,4,3,1,3,4,4,3,3,1,2,4,2,4,1,4,4,4,2,2,4,3,3,4,1,4,4,4,3,2,4,4,1,4,1,2,1,4,4,4,1,2,2
Haiti,4,4,4,4,4,4,4,2,4,4,4,4,4,3,4,4,4,1,1,4,3,4,4,4,4,4,4,4,2,4,4,3,4,4,4,4,4,3,4,4,4,4,4,4,4,4,4,2,4,4,4,3,4,4,4,4,4,2,4,4,4,2,1,2,4,4,4,4,4,4,2,4,0,4,4,4,2,4,3,4,4,1,4,4,4,3,4,2,4,4,1,4,2,2,4,4,2,4,4,4,4,4,2,4,1,3,4,4,4,3,3,4,1,4,4,4,4,4,3,4,4,4,3,4,4,4,4,4,4,4,4,2,3,4,4,4,4,1,4,4,2,4,4,1,4,4,4,1,4,2,4,3,4,1,1,4,4,4,4,3,4,2,4,2,4,4,4,4,4,4,2,4,3,3,4,4,4,2,4,3,2,2,4,4,4,4,4,4,4,4,4,4,2,2
Honduras,4,1,4,1,4,2,1,2,4,1,2,1,4,4,4,4,1,1,2,4,3,1,4,1,4,1,4,4,2,4,4,3,4,4,1,4,1,3,4,4,1,4,1,4,1,1,1,2,1,1,1,4,1,4,4,1,4,2,4,1,1,2,1,1,1,4,1,4,1,4,2,4,1,0,1,1,2,4,3,4,1,1,1,4,1,3,4,2,4,4,1,4,2,2,1,4,2,4,4,1,1,1,2,4,1,3,4,1,4,3,1,4,1,1,1,4,1,4,3,4,4,4,3,1,4,1,4,4,1,1,1,2,3,1,4,1,1,1,1,1,2,1,1,2,1,3,1,1,1,2,4,3,4,1,1,4,1,1,4,3,4,2,1,2,4,2,1,1,4,4,2,4,3,3,4,1,1,1,4,3,2,2,1,1,4,1,1,4,1,4,4,4,2,2
Hungary,4,1,4,1,2,1,1,1,3,1,2,1,2,3,1,1,1,1,2,4,1,1,1,1,1,1,3,4,2,4,1,1,4,4,1,4,1,3,4,4,1,2,1,4,1,1,1,2,1,1,1,2,1,4,4,1,1,2,1,1,1,2,1,1,1,4,1,1,1,2,2,4,1,1,0,1,2,3,3,4,1,1,1,1,1,3,1,2,1,4,1,2,1,2,1,3,2,4,4,1,1,1,2,2,1,3,4,1,1,3,1,1,1,1,1,2,1,1,3,2,3,4,3,1,2,1,4,4,1,1,2,2,1,1,2,1,1,1,1,1,1,1,2,2,1,1,1,1,1,1,2,1,1,1,1,3,1,1,1,3,1,2,1,2,4,2,1,1,4,1,2,1,1,3,1,1,1,1,4,1,2,1,1,1,1,1,1,1,1,1,2,4,2,2
Iceland,4,1,4,1,2,1,1,1,3,1,2,1,2,3,1,1,1,1,2,4,1,1,1,1,1,1,3,4,2,4,1,1,4,4,1,4,1,3,4,4,1,2,1,4,1,1,1,2,1,1,1,2,1,4,4,1,4,2,1,1,1,2,1,1,1,4,1,1,1,2,2,4,1,1,1,0,2,3,3,4,1,1,1,1,1,3,1,2,1,4,1,2,1,2,1,3,1,4,4,1,1,1,2,2,1,3,4,1,3,3,1,1,1,1,1,4,1,1,3,2,1,4,3,1,2,1,4,4,1,1,2,2,3,1,2,1,1,1,1,1,1,1,2,2,1,1,1,1,1,1,2,3,1,1,1,4,1,1,1,3,1,2,1,2,4,2,1,1,4,2,2,1,1,3,1,1,1,1,4,1,2,1,1,1,1,1,1,4,1,1,2,4,2,2
India,4,1,4,1,2,2,4,2,4,4,2,4,2,4,1,4,4,4,2,1,3,4,2,4,4,4,4,2,2,4,4,3,4,4,4,4,4,3,4,4,4,2,4,4,4,4,4,2,1,4,4,2,1,4,4,4,4,2,1,4,4,2,4,4,4,4,4,1,4,2,2,4,1,4,4,4,0,3,2,4,4,4,4,1,4,3,1,2,4,4,4,4,2,2,4,4,2,4,4,4,4,4,3,2,2,1,4,4,3,3,1,4,1,4,4,4,4,4,4,2,4,4,1,4,4,4,4,4,4,4,1,4,3,4,2,4,4,4,4,4,3,4,4,2,1,3,1,1,4,2,4,1,1,1,4,3,4,4,4,3,2,2,4,2,4,2,4,4,4,2,2,2,3,3,4,1,4,4,4,3,2,2,4,4,4,4,2,1,4,4,2,4,2,2
Indonesia,4,4,4,4,2,1,4,2,4,4,2,4,2,3,1,1,4,4,1,4,4,4,4,1,1,4,4,3,1,4,4,3,4,4,1,4,1,3,4,4,4,2,4,4,4,4,4,2,1,4,1,4,4,4,4,4,4,2,1,4,4,2,1,2,4,4,4,4,4,2,2,1,1,4,4,4,2,0,3,4,4,4,4,4,1,3,1,2,4,4,4,4,2,1,4,4,2,4,4,4,4,4,2,2,1,3,1,4,3,3,3,4,1,2,4,4,4,1,3,1,4,4,3,4,4,3,4,4,4,4,1,2,3,4,2,4,1,1,4,4,1,4,4,1,1,4,1,3,4,2,4,3,1,1,1,3,4,4,4,3,4,2,4,2,4,1,4,4,4,1,2,1,1,3,4,4,4,1,4,3,2,1,2,4,4,4,1,4,4,1,1,4,2,2
Iran,4,4,4,4,4,2,4,1,4,4,2,4,4,4,4,4,4,4,2,4,3,4,4,4,4,4,4,3,2,4,4,3,4,4,4,4,4,3,4,4,4,2,4,4,4,4,4,2,1,4,4,4,4,4,4,4,4,2,4,4,4,2,4,1,4,4,4,4,4,2,3,4,1,4,4,4,4,4,0,1,4,4,4,4,4,4,1,2,4,4,4,4,2,4,4,3,2,4,5,4,4,4,2,2,1,3,4,4,4,3,4,4,1,4,4,4,4,4,3,4,4,4,3,4,4,4,4,4,4,4,1,2,3,4,4,4,4,4,4,4,1,4,4,2,2,4,4,1,4,2,4,4,4,1,4,3,4,4,4,3,2,2,4,2,4,2,4,4,5,2,4,4,3,3,4,4,4,1,4,3,2,4,4,4,4,4,2,4,4,1,4,4,2,2
Iraq,4,4,4,4,1,2,4,2,4,4,4,4,2,4,4,4,4,4,2,4,4,4,4,4,4,4,4,4,4,4,4,3,4,4,4,4,4,3,4,4,4,2,4,4,4,4,4,2,1,4,4,4,4,4,4,4,4,2,4,4,4,2,4,4,4,4,4,4,4,2,2,4,1,4,4,4,4,4,1,0,4,4,4,4,4,4,4,4,4,4,4,4,2,4,4,1,2,4,4,4,4,4,2,2,1,3,4,4,4,3,4,4,1,4,4,4,4,4,3,4,4,4,4,4,4,4,4,2,4,4,4,2,3,4,4,4,4,4,4,4,4,4,4,2,2,4,4,1,4,2,4,3,4,1,4,4,4,4,4,3,4,2,4,2,4,2,4,4,4,2,4,4,3,3,4,4,4,4,4,3,2,4,4,4,4,4,4,4,4,4,4,4,2,2
Ireland,4,1,4,1,2,1,1,1,3,1,2,1,2,3,1,1,1,1,2,4,1,1,1,1,1,1,3,3,2,4,1,1,4,4,1,4,1,3,4,4,1,2,1,4,1,1,1,2,1,1,1,2,1,4,4,1,1,2,1,1,1,2,1,1,1,4,1,1,1,2,2,1,1,1,1,1,2,3,2,3,0,1,1,1,1,3,1,2,1,4,2,2,1,2,1,3,1,4,4,1,1,1,2,2,1,3,4,1,1,3,1,1,1,1,1,3,1,1,3,2,1,4,3,1,2,1,4,4,1,1,2,2,3,1,2,1,1,4,1,1,1,1,2,2,1,1,1,1,1,1,2,1,1,1,1,3,1,1,1,3,1,2,1,2,4,2,1,1,4,3,2,1,3,3,3,1,1,1,4,3,3,1,3,1,1,1,1,1,1,1,2,4,1,2
Israel,4,1,5,1,2,2,1,2,2,1,2,1,2,4,1,1,1,1,1,4,4,1,1,1,5,1,4,3,2,4,1,3,1,4,1,4,1,3,4,4,1,2,1,4,1,1,1,2,1,1,1,4,1,4,4,1,1,2,1,1,1,2,4,1,1,4,1,1,1,2,2,4,1,1,1,1,2,4,5,5,1,0,1,1,1,1,1,2,4,4,2,5,1,2,1,5,1,4,5,1,1,1,2,1,4,3,4,1,3,3,1,1,1,1,1,1,1,2,3,2,4,1,3,1,2,1,4,4,1,1,4,5,1,1,2,1,1,1,1,1,4,1,1,2,1,1,1,1,1,2,5,3,1,1,1,3,1,1,1,2,1,2,1,2,4,1,1,1,5,3,2,1,3,3,1,1,4,1,4,3,2,1,1,1,4,1,1,1,1,4,4,5,2,2
Italy,4,1,4,1,2,1,1,1,3,1,2,1,2,3,1,1,1,1,2,4,1,1,1,1,1,1,3,4,2,4,1,1,4,4,1,4,1,3,4,4,1,2,1,4,1,1,1,2,1,1,1,2,1,4,4,1,1,2,1,1,1,2,1,1,1,4,1,1,1,2,2,1,1,1,1,1,2,3,2,3,1,1,0,1,1,3,1,2,1,4,1,2,1,2,1,3,1,4,4,1,1,1,2,2,1,3,4,1,1,3,1,1,1,1,1,4,1,1,3,2,1,4,3,1,2,1,4,4,1,1,1,2,1,1,2,1,1,1,1,1,1,1,2,2,1,1,1,1,1,1,2,1,1,1,1,3,1,1,1,3,1,2,1,2,4,2,1,1,4,1,2,1,1,3,1,1,1,1,4,1,2,1,1,1,1,1,1,1,1,1,1,4,2,2
Jamaica,4,4,4,4,4,1,1,2,4,4,2,1,2,1,1,4,4,1,2,4,3,4,1,1,4,4,4,4,2,4,4,3,4,4,1,4,1,3,4,4,4,2,4,1,4,4,4,2,1,1,1,4,4,4,4,4,1,2,1,4,4,2,1,2,4,1,4,1,4,4,3,1,1,4,4,4,2,4,3,4,4,1,4,0,4,3,4,1,1,4,1,4,2,2,4,4,1,4,4,4,4,4,2,1,1,3,4,4,4,3,1,1,1,4,4,4,4,4,3,2,1,4,3,4,4,3,1,4,4,4,4,2,3,1,2,4,1,1,4,4,2,4,1,2,1,1,1,3,4,2,4,3,1,3,1,3,4,4,4,3,1,2,4,2,4,1,4,4,4,2,1,4,3,3,4,1,4,2,4,3,1,2,4,4,4,1,1,1,4,1,4,4,1,1
Japan,4,1,4,1,2,1,1,1,1,1,2,1,2,3,1,1,1,1,2,4,1,1,1,1,1,1,4,3,2,4,1,3,4,4,1,1,1,3,4,4,1,2,1,4,1,1,1,2,1,1,1,2,1,4,4,1,1,2,1,1,1,2,4,1,1,4,1,1,1,2,2,1,1,1,1,1,2,3,2,3,1,1,1,1,0,3,1,2,1,4,2,2,1,1,1,3,1,4,4,1,1,1,2,2,1,3,4,1,3,3,1,1,1,1,1,1,1,1,3,2,1,4,3,1,2,1,4,4,1,1,1,2,3,1,2,1,1,1,1,1,1,1,4,2,1,1,1,1,1,1,2,1,1,1,1,3,1,1,1,3,1,2,1,2,4,1,1,1,4,1,2,1,3,3,3,1,1,1,4,3,2,1,1,1,1,1,1,1,1,1,1,4,2,2
Jordan,4,4,4,4,4,2,4,2,4,4,2,4,2,4,1,4,4,4,2,4,3,4,4,4,4,4,4,4,2,4,4,4,4,4,4,4,4,3,4,4,4,2,4,4,4,4,4,2,1,4,1,1,4,4,4,4,4,2,4,4,4,2,4,1,4,4,4,4,4,2,2,4,1,4,4,4,2,3,4,4,4,4,4,4,4,0,4,2,4,4,4,4,2,4,4,1,2,4,1,4,4,4,2,2,1,3,4,4,4,3,3,4,1,4,4,4,4,4,3,2,4,4,3,4,4,3,4,2,4,4,1,2,3,4,4,4,4,4,4,4,2,4,4,2,1,4,1,1,4,2,4,4,4,1,2,4,4,4,4,3,1,2,4,2,4,2,4,4,1,1,2,4,3,3,4,4,1,1,4,3,2,4,4,4,4,4,2,4,4,4,4,3,2,2
Kazakhstan,4,1,4,1,4,1,1,1,4,4,1,4,2,3,1,1,4,4,2,4,3,4,4,1,4,4,4,4,2,4,4,3,4,4,4,4,1,3,4,4,1,2,4,4,4,4,4,2,1,1,1,4,4,4,4,4,4,2,4,4,4,2,4,1,4,4,4,4,4,2,2,4,1,4,4,4,2,4,1,4,4,4,4,3,4,3,0,2,4,4,1,4,1,2,4,2,2,4,4,4,4,4,2,2,1,1,4,4,3,3,3,4,1,1,4,1,1,4,3,2,1,4,3,4,4,3,4,4,4,4,1,2,3,4,4,4,4,1,4,4,1,4,1,2,4,4,1,1,4,2,2,4,1,1,2,4,4,4,4,3,4,2,4,2,4,2,4,4,4,1,4,3,3,3,4,4,4,1,4,3,2,1,1,4,4,4,1,4,4,4,2,4,2,2
Kenya,4,4,4,4,4,1,4,4,4,4,4,1,2,4,1,4,4,4,1,4,3,4,1,4,4,4,3,1,2,4,4,3,4,4,4,4,4,3,4,3,4,4,4,1,4,4,4,2,1,4,4,4,4,4,4,4,1,1,1,4,4,2,1,2,4,1,4,1,4,4,2,4,1,4,4,4,2,4,3,4,4,4,4,1,4,3,4,0,1,4,4,4,2,2,4,4,1,4,4,4,4,4,2,1,1,3,3,4,4,3,1,4,1,4,4,4,4,4,3,2,1,4,3,4,4,4,4,3,4,4,4,2,3,1,2,4,4,1,4,4,2,4,4,1,1,3,1,3,4,2,4,1,4,3,1,3,4,4,4,3,2,1,4,4,3,2,4,4,4,4,1,4,3,3,4,1,4,4,4,3,1,4,4,4,4,4,4,1,4,4,4,4,1,1
Kiribati,4,4,4,1,4,1,4,3,4,1,4,1,4,3,1,4,1,4,2,4,3,1,1,4,4,1,4,4,3,4,4,3,4,4,4,4,4,3,4,4,1,2,1,4,1,1,1,2,1,1,1,3,4,4,4,1,4,2,1,1,1,4,1,2,1,4,1,1,4,2,3,4,1,4,1,1,2,4,3,4,1,4,1,1,4,3,4,1,0,4,1,4,2,2,1,4,1,4,4,1,1,1,2,1,1,3,4,1,3,3,1,4,1,1,1,4,4,4,3,2,4,4,3,1,4,3,4,4,4,1,4,2,3,1,2,4,1,1,1,1,2,1,4,2,1,1,1,1,1,2,4,3,4,3,1,3,1,1,3,3,4,2,1,3,4,2,1,1,4,4,1,4,3,3,3,1,1,4,4,3,3,2,1,1,4,4,2,1,1,4,4,4,1,1
North Korea,4,4,4,4,4,2,4,2,4,4,4,4,4,3,4,4,4,4,2,4,4,4,4,4,4,4,4,4,2,4,4,3,4,4,4,4,4,3,4,4,4,2,4,4,4,4,4,2,1,4,4,2,4,4,4,4,4,2,4,4,4,2,1,2,4,4,4,4,4,2,3,1,1,4,4,4,4,4,3,4,4,4,4,4,5,3,4,4,4,0,3,4,1,2,4,4,2,4,4,4,4,4,2,2,4,3,4,4,4,3,4,4,1,4,4,4,4,4,3,2,4,4,3,4,4,3,4,4,4,4,4,4,3,4,4,4,4,4,4,4,2,4,2,2,4,4,1,1,4,2,4,4,4,1,2,4,4,4,4,3,4,2,4,4,4,2,4,4,4,4,2,4,3,3,4,4,4,4,4,3,2,4,4,4,4,4,2,4,4,4,4,4,2,2
South Korea,5,1,4,1,2,1,1,1,2,1,2,1,2,3,1,1,1,1,2,4,3,1,1,1,1,1,4,3,2,4,2,3,4,4,1,4,1,3,4,4,1,2,1,4,1,1,1,2,1,1,1,2,1,4,4,1,1,2,1,1,1,2,4,1,1,4,1,1,1,2,2,1,1,1,1,1,2,3,2,5,1,1,1,1,1,3,1,2,1,3,0,2,1,1,1,3,1,4,5,1,1,1,2,2,1,3,4,1,3,3,1,1,1,1,1,1,1,1,3,2,3,4,3,1,2,1,4,4,1,1,1,2,3,1,2,1,1,1,1,1,1,1,1,2,1,1,1,1,1,1,2,1,1,1,1,3,1,1,1,5,1,2,1,2,4,1,1,1,5,1,2,1,3,3,3,1,1,1,4,3,2,5,1,1,1,1,1,1,1,1,1,5,2,2
Kuwait,4,1,1,4,4,2,4,1,4,4,2,1,1,3,4,1,4,4,2,4,3,1,1,4,3,4,4,4,2,4,4,3,4,4,4,4,2,3,4,4,4,2,4,4,4,4,4,2,1,1,1,1,1,4,4,4,1,2,4,4,4,2,4,1,4,4,4,4,1,2,2,4,1,1,4,4,4,3,3,3,4,4,4,4,4,1,1,2,4,4,1,0,1,2,4,1,2,4,4,4,4,4,2,2,1,3,4,4,3,3,1,4,1,4,4,3,1,1,3,2,4,4,3,4,2,1,4,4,4,4,1,2,3,1,4,4,4,1,4,4,1,4,2,2,1,1,1,3,4,1,1,1,1,3,1,3,4,4,3,3,4,2,4,2,1,2,4,4,5,3,2,1,3,3,4,4,1,2,4,3,2,2,1,2,4,4,2,1,4,4,4,3,2,2
Kyrgyzstan,4,4,4,4,4,1,4,1,4,4,1,4,4,3,1,1,4,4,2,4,3,4,4,4,4,4,4,4,2,4,4,3,4,4,4,4,4,3,4,4,4,2,4,4,4,4,4,2,1,4,1,4,4,4,4,4,4,2,4,4,4,2,4,1,4,4,4,4,4,2,2,4,1,4,4,4,2,4,3,4,4,4,4,3,4,3,1,2,4,4,4,4,0,2,4,3,2,4,4,4,4,4,2,3,1,1,4,4,3,3,3,4,1,1,4,1,4,4,3,4,1,4,3,4,4,3,4,4,4,4,4,2,3,4,4,4,4,1,4,4,2,4,1,2,4,3,1,1,4,2,4,4,1,1,2,4,4,4,4,3,4,2,4,2,4,2,4,4,4,1,4,4,3,3,4,4,4,1,4,3,2,1,4,4,4,4,1,4,4,4,1,4,2,2
Laos,4,4,4,4,4,2,4,2,4,4,4,4,4,3,4,4,4,4,2,4,4,4,4,4,1,4,4,4,1,4,4,3,4,4,4,4,4,3,4,4,4,2,4,4,4,4,4,2,1,4,1,4,4,4,4,4,4,2,4,4,4,2,1,2,4,4,4,4,4,2,2,4,1,4,4,4,2,1,3,4,4,4,4,4,4,4,4,2,4,4,4,2,2,0,4,4,2,4,4,4,4,4,2,2,1,3,4,4,4,3,4,4,1,4,4,1,4,4,3,1,4,4,3,4,4,4,4,4,4,4,4,2,3,4,4,4,4,1,4,4,2,4,1,2,2,4,1,3,4,2,4,4,4,3,1,4,4,4,4,3,4,2,4,2,4,2,4,4,4,4,2,1,3,3,4,4,4,4,4,3,2,2,4,4,4,4,2,4,4,4,1,4,3,2
Latvia,4,1,4,1,2,1,1,1,3,1,2,1,2,3,1,1,1,1,2,4,1,1,1,1,1,1,3,4,2,4,1,1,4,4,1,4,1,3,4,4,1,2,1,4,1,1,1,2,1,1,1,2,1,4,4,1,1,2,1,1,1,2,4,1,1,4,1,1,1,2,2,4,1,1,1,1,2,3,2,3,1,1,1,3,1,3,1,2,1,4,1,2,1,2,0,3,2,4,4,1,1,1,2,2,1,3,4,1,1,3,1,1,1,1,1,3,1,1,3,2,4,4,3,1,2,1,4,4,1,1,2,2,1,1,2,1,1,1,1,1,1,1,2,2,1,1,1,1,1,1,2,1,1,1,1,3,1,1,1,3,4,2,1,2,4,2,1,1,4,1,2,1,1,3,1,1,1,1,4,1,2,1,1,1,1,1,1,1,1,1,4,4,2,2
Lebanon,4,4,4,4,4,2,4,2,4,4,4,4,4,4,1,4,4,4,2,4,2,4,2,4,4,4,4,3,2,4,4,3,4,4,4,4,4,3,4,4,4,2,4,4,4,4,4,2,1,4,1,1,4,4,4,4,4,2,4,4,4,2,4,1,4,4,4,4,4,2,2,4,1,4,4,4,4,4,1,3,4,4,4,4,4,1,4,2,4,4,4,4,2,4,4,0,2,4,4,4,4,4,2,2,1,3,4,4,4,3,3,4,1,4,4,4,4,4,3,4,4,4,2,4,4,4,4,4,4,4,1,2,3,4,4,4,4,4,4,4,1,4,4,2,2,4,4,3,4,2,4,3,4,3,4,3,4,4,4,3,4,2,4,2,4,2,4,4,1,2,4,4,3,2,4,4,4,1,4,3,2,4,4,4,4,4,2,4,4,4,4,4,2,2
Lesotho,4,4,4,4,2,1,4,4,4,4,4,1,4,1,1,4,4,1,1,4,3,4,1,4,4,4,4,4,2,4,4,3,4,4,4,4,4,3,4,4,4,2,4,4,4,4,4,2,1,4,1,4,4,4,4,4,1,2,1,4,4,2,1,2,4,1,4,1,4,4,2,1,1,4,4,4,2,4,3,4,1,1,4,1,1,3,4,1,1,4,1,4,2,4,4,4,0,4,4,4,4,4,2,1,1,3,4,4,4,3,1,4,1,4,4,4,4,4,3,4,1,4,3,4,4,3,4,4,4,4,4,2,3,4,2,4,4,1,4,4,2,4,4,2,1,1,1,1,4,2,4,3,4,1,1,3,4,4,4,3,1,2,4,2,4,2,4,4,4,4,1,4,3,3,4,1,4,4,4,3,1,4,4,4,4,4,4,1,4,4,4,4,1,1
Liberia,4,4,4,4,4,2,4,4,4,4,4,4,4,3,1,4,4,4,1,4,3,4,4,4,4,4,1,4,2,4,4,1,1,4,4,4,4,3,4,4,4,1,4,4,4,4,4,2,1,4,1,4,4,4,4,4,4,2,4,4,4,2,1,4,4,1,4,4,4,1,1,4,1,4,4,4,2,4,3,4,4,4,4,4,4,4,4,2,4,4,4,4,2,4,4,4,2,0,4,4,4,4,2,4,4,3,1,4,4,3,3,4,1,4,4,4,4,4,3,4,3,4,4,4,4,4,1,1,4,4,4,2,3,4,4,4,4,1,4,4,2,4,4,2,2,4,1,3,4,2,4,1,4,3,1,1,4,4,4,3,4,2,4,4,4,2,4,4,4,4,2,4,3,1,4,4,4,4,4,3,3,4,1,4,4,4,4,4,4,4,4,4,2,2
Libya,4,4,1,4,4,2,4,4,4,4,4,4,4,4,4,4,4,4,1,4,4,4,4,4,4,4,3,4,2,4,4,3,4,4,4,4,4,3,4,4,4,4,4,4,4,4,4,2,1,4,4,4,4,4,4,4,4,2,4,4,4,2,4,4,4,3,4,4,4,4,2,4,4,4,4,4,4,4,4,4,4,4,4,4,4,4,4,2,4,4,4,4,2,4,4,4,2,4,0,4,4,4,2,4,1,3,4,4,4,1,4,4,1,4,4,4,4,4,3,4,4,4,3,4,4,4,4,4,4,4,4,4,3,4,4,4,4,4,4,4,2,4,4,2,2,4,1,3,4,2,4,3,4,3,4,4,4,4,4,3,4,2,4,2,4,2,4,4,3,2,2,4,3,3,4,4,1,4,4,3,2,4,4,4,4,4,4,4,4,4,4,4,2,2
Liechtenstein,4,1,4,1,4,1,1,1,3,1,2,1,3,2,1,1,1,1,2,4,1,1,1,1,1,1,3,4,2,4,1,1,4,4,1,4,1,3,4,4,1,2,1,4,1,1,1,2,1,1,1,3,1,4,4,1,4,2,1,1,1,2,1,1,1,4,1,1,1,2,2,4,1,1,1,1,2,3,3,4,1,1,1,1,1,3,1,2,1,4,1,2,1,2,1,3,2,4,4,0,1,1,2,2,1,3,4,1,4,3,1,1,1,1,1,4,1,1,3,4,1,4,3,1,2,1,4,4,1,1,2,2,3,1,2,1,1,1,1,1,1,1,2,2,1,1,1,3,1,1,2,3,1,1,1,4,1,1,1,3,1,2,1,2,4,2,1,1,4,1,2,1,3,3,1,1,1,1,4,1,2,1,1,1,1,1,1,1,1,1,2,4,2,2
Lithuania,4,1,4,1,2,1,1,1,3,1,2,1,2,3,1,1,1,1,2,4,1,1,1,1,1,1,3,3,2,4,1,1,4,4,1,4,1,3,4,4,1,2,1,4,1,1,1,2,1,1,1,2,1,4,4,1,1,2,1,1,1,2,1,1,1,4,1,1,1,4,2,4,1,1,1,1,2,3,2,3,1,1,1,1,1,3,1,2,1,4,1,2,1,2,1,3,2,4,4,1,0,1,2,3,1,3,4,1,1,3,1,1,1,1,1,2,1,1,3,2,4,4,3,1,2,1,4,4,1,1,2,2,1,1,2,1,1,1,1,1,1,1,4,2,1,1,1,1,1,1,2,1,1,1,1,3,1,1,1,3,4,2,1,2,4,2,1,1,4,1,2,1,1,3,1,1,1,1,4,1,2,1,1,1,1,1,1,1,1,1,2,4,2,2
Luxembourg,4,1,4,1,2,1,1,1,3,1,2,1,2,3,1,1,1,1,2,4,1,1,1,1,1,1,3,3,2,4,1,1,4,4,1,4,1,3,4,4,1,2,1,4,1,1,1,2,1,1,1,2,1,4,4,1,1,2,1,1,1,2,1,1,1,4,1,1,1,2,2,1,1,1,1,1,2,3,2,3,1,1,1,1,1,3,1,2,1,4,2,2,1,1,1,3,1,4,4,1,1,0,2,2,1,3,4,1,1,3,1,1,1,1,1,3,1,1,3,2,1,4,3,1,2,1,4,4,1,1,2,2,1,1,2,1,1,1,1,1,1,1,2,2,1,1,1,1,1,1,2,1,1,1,1,3,1,1,1,3,1,2,1,2,4,2,1,1,4,1,2,1,1,3,1,1,1,1,4,1,2,1,1,1,1,1,1,1,1,1,2,4,2,2
Madagascar,4,4,4,4,2,2,4,4,4,4,4,4,4,3,4,4,4,4,1,4,3,4,4,4,4,4,4,4,2,4,4,3,4,4,4,4,4,3,4,4,4,2,4,4,4,4,4,2,1,4,1,4,1,4,4,4,1,2,4,4,4,2,4,2,4,3,4,4,1,4,2,4,1,1,4,4,2,4,3,4,4,4,4,4,4,4,4,2,4,4,4,4,2,2,4,4,2,4,4,4,4,4,0,3,1,3,4,4,4,3,3,4,1,4,4,4,4,4,3,4,3,4,3,4,4,1,4,4,4,4,4,2,3,1,4,4,4,1,4,4,2,4,4,2,2,3,1,3,4,2,4,3,4,1,1,4,4,4,4,3,1,2,4,2,4,2,4,4,4,4,1,4,3,3,4,3,4,4,4,3,1,4,4,4,4,4,4,4,4,4,4,4,2,1
Malawi,4,4,4,4,2,1,4,4,4,4,4,1,4,1,1,4,4,1,1,4,3,4,1,4,4,4,4,4,2,4,4,3,4,4,4,4,4,3,4,4,4,4,4,4,4,4,4,2,1,4,1,4,4,4,4,4,4,2,1,4,4,2,1,2,4,3,4,1,4,4,2,4,1,4,4,4,2,4,3,4,4,1,4,1,4,3,4,1,1,4,4,4,2,2,4,4,1,4,4,4,4,4,2,0,1,3,4,4,4,3,1,4,1,4,4,4,4,4,1,4,1,4,3,4,4,3,4,4,4,4,4,2,3,4,4,4,4,1,4,4,2,4,4,2,1,1,1,3,4,2,4,3,4,3,1,3,4,4,4,3,1,2,4,2,4,2,4,4,4,4,3,4,3,3,4,1,4,4,4,3,1,4,4,4,4,4,4,1,4,4,4,4,1,1
Malaysia,4,1,1,1,4,1,1,2,2,1,2,1,2,3,1,1,1,1,2,4,3,1,1,1,1,1,4,3,1,4,4,3,4,4,1,4,4,3,4,2,1,2,1,1,1,1,1,2,1,1,1,1,1,4,4,1,1,2,1,1,1,2,1,1,1,4,1,1,1,2,3,1,1,1,1,1,2,1,1,4,1,4,1,1,1,3,1,1,1,5,2,2,1,1,1,3,1,4,4,1,1,1,2,1,0,3,4,1,3,3,1,1,1,1,1,1,1,1,3,2,1,4,3,1,2,1,4,4,1,1,1,2,3,1,2,4,1,1,1,1,1,1,2,3,1,3,1,1,1,2,2,1,4,1,1,3,1,1,1,3,1,2,1,2,3,1,1,1,3,1,1,1,3,3,3,1,1,1,4,3,1,2,3,1,4,1,1,1,1,1,1,3,1,1
Maldives,4,4,4,4,4,1,4,2,4,4,2,1,4,1,1,4,4,1,2,1,3,4,1,4,1,4,4,4,2,4,4,3,4,4,4,4,4,3,4,4,1,2,4,4,4,4,4,2,1,4,1,3,4,4,4,4,1,2,1,4,4,2,1,2,4,4,4,1,4,2,2,4,1,4,4,4,1,3,3,4,1,4,4,1,4,3,1,1,4,4,4,4,1,2,4,4,1,4,4,4,4,4,2,2,1,0,4,4,4,3,1,4,1,4,4,4,4,1,3,2,4,4,3,4,4,3,4,4,4,4,2,1,3,1,2,4,4,1,4,4,1,4,1,2,1,1,1,1,4,2,3,4,4,1,1,4,4,4,3,3,1,2,4,1,4,2,4,4,4,2,2,1,3,3,4,1,1,2,4,3,2,2,3,1,4,4,2,1,4,1,4,4,1,1
Mali,4,4,1,4,4,2,4,4,4,4,4,1,4,3,1,4,4,4,1,4,3,4,4,4,4,4,1,4,2,4,4,1,4,1,4,4,4,3,4,4,4,1,4,4,4,4,4,2,1,4,4,4,4,4,4,4,4,2,4,4,4,2,1,4,4,1,4,4,4,1,1,4,1,4,4,4,2,4,3,4,4,4,4,4,4,4,4,4,4,4,4,4,2,2,4,4,2,1,4,4,4,4,2,4,4,3,0,4,4,1,4,4,1,4,4,4,4,2,3,4,4,4,3,4,4,4,1,1,4,4,4,2,3,4,4,4,4,1,4,4,2,4,4,2,2,3,1,1,4,2,4,1,4,1,4,1,4,4,4,3,4,2,4,4,4,2,4,4,4,4,4,4,3,1,4,4,1,4,4,3,3,4,4,4,4,4,4,4,4,4,4,4,2,2
Malta,4,1,4,1,2,1,1,1,3,1,2,1,2,3,1,1,1,1,2,4,3,1,1,1,1,1,3,4,2,4,1,1,4,4,1,4,1,3,4,4,1,2,1,4,1,1,1,2,1,1,1,2,1,4,4,1,1,2,1,1,1,2,1,1,1,4,1,1,1,2,3,4,1,1,1,1,2,3,2,3,1,1,1,1,1,3,1,2,1,4,1,2,1,2,1,3,1,4,4,1,1,1,2,2,1,3,4,0,1,3,1,1,1,1,1,3,1,1,3,2,4,4,3,1,2,1,4,4,1,1,2,2,1,1,2,1,1,1,1,1,1,1,2,2,1,1,1,1,1,1,2,1,1,1,1,3,1,1,1,3,1,2,1,2,4,2,1,1,4,3,1,3,1,3,1,1,1,1,4,1,1,1,1,1,1,1,1,1,1,1,2,4,1,1
Marshall Islands,4,4,4,1,4,1,4,3,4,1,4,1,4,3,4,4,1,1,2,4,3,1,4,4,4,1,4,4,3,4,4,3,4,4,4,4,1,3,4,4,1,4,1,4,1,1,1,2,1,1,1,3,1,4,4,1,4,2,1,1,1,4,4,2,1,4,1,4,1,4,3,4,1,1,1,1,2,4,3,4,4,4,1,4,4,3,4,2,1,4,1,4,2,2,1,4,2,4,4,1,1,1,2,3,1,3,4,1,0,3,3,1,1,1,1,4,4,4,3,2,4,3,3,1,4,1,4,4,4,1,4,2,1,1,2,4,1,1,1,1,2,1,4,2,2,1,1,1,1,2,4,3,4,3,1,4,1,1,3,3,4,2,1,3,4,2,1,1,4,4,2,4,3,3,3,4,4,4,4,3,3,4,4,1,1,4,2,1,1,4,2,4,1,3
Mauritania,4,4,1,4,4,2,4,4,4,4,4,4,4,3,1,4,4,4,1,4,3,4,4,4,4,4,1,4,2,4,4,1,4,1,4,4,4,3,3,4,4,1,4,4,4,4,4,2,1,4,1,4,4,4,4,4,4,2,4,4,4,2,1,2,4,3,4,4,4,1,2,4,1,4,4,4,4,4,3,4,4,4,4,4,4,4,4,2,4,4,4,4,2,2,4,4,2,4,4,4,4,4,2,4,1,3,1,4,4,0,1,4,1,4,4,4,4,4,3,4,4,4,3,4,4,3,1,4,4,4,4,4,3,4,4,4,4,1,4,4,2,4,4,2,2,3,1,3,4,2,4,4,4,3,1,1,4,4,4,3,4,2,4,2,4,2,4,4,4,4,4,4,3,4,4,4,1,4,4,3,3,4,4,4,4,4,4,4,4,4,4,4,2,2
Mauritius,4,1,4,1,1,1,2,4,4,1,2,1,2,4,1,4,1,1,1,4,3,1,1,4,4,1,4,3,2,4,4,3,4,4,1,1,2,3,4,3,1,2,1,4,1,1,1,2,1,1,1,4,4,4,4,1,1,4,1,1,1,1,1,1,1,1,1,1,4,4,2,4,1,4,1,1,2,4,3,4,4,1,1,1,1,3,4,1,1,4,1,4,2,2,1,4,1,4,4,1,1,1,2,1,1,3,4,1,3,3,0,4,1,1,1,4,1,4,1,2,1,4,3,1,2,3,4,4,1,1,4,2,3,1,2,4,4,1,1,1,2,1,1,1,1,3,1,1,1,2,4,1,4,1,1,3,1,1,4,3,1,2,1,2,4,2,1,1,4,2,1,1,3,3,4,1,1,2,4,3,1,2,3,1,4,4,2,1,1,4,4,4,1,1
Mexico,4,1,4,1,4,1,1,2,4,1,2,1,2,4,1,1,1,1,2,4,1,1,1,1,4,1,4,3,2,4,1,3,4,4,1,4,1,3,4,4,1,2,1,4,1,1,1,2,1,1,1,2,1,4,4,1,4,2,1,1,1,2,1,1,1,4,1,1,1,2,2,4,1,1,1,1,2,3,2,4,1,1,1,1,1,3,1,2,4,4,2,4,1,2,1,3,2,4,4,1,1,1,2,2,1,3,4,1,3,3,1,0,1,1,1,4,1,1,3,2,3,4,3,1,2,1,4,4,1,1,1,2,3,1,2,1,1,1,1,1,1,1,2,2,1,1,1,1,1,2,4,3,1,1,1,4,1,1,1,3,2,2,1,2,4,2,1,1,4,2,2,3,3,3,4,1,1,2,4,3,2,2,1,1,4,1,1,1,1,1,2,4,2,2
Micronesia,4,4,4,1,4,2,4,3,4,1,4,4,4,3,4,1,1,1,2,4,3,1,4,4,4,1,4,4,3,4,4,3,4,4,4,4,1,3,4,4,1,4,1,4,1,1,1,2,1,1,1,3,4,4,4,1,4,2,1,1,1,4,1,2,1,4,1,4,4,4,3,4,1,4,1,1,2,4,3,4,4,1,1,4,4,3,4,2,1,4,1,4,2,2,1,4,2,4,4,1,1,1,2,3,4,3,4,1,1,3,3,1,0,1,1,4,4,4,3,2,4,3,3,1,4,3,4,4,4,1,4,2,1,1,2,4,1,1,1,1,2,1,4,2,2,1,1,1,1,2,4,3,4,3,1,4,1,1,3,3,4,2,1,3,4,2,1,1,4,4,2,4,3,3,3,4,4,4,4,3,3,2,4,1,1,4,2,1,1,4,2,4,2,3
Moldova,4,1,4,1,4,1,4,1,2,1,1,1,4,3,1,1,1,4,2,4,3,1,4,1,4,1,4,4,2,4,4,3,4,4,1,4,1,3,4,4,4,2,1,4,1,1,1,2,1,4,1,2,4,4,4,1,4,2,1,1,1,2,4,1,1,4,1,3,4,2,2,4,1,4,1,1,2,4,3,4,4,1,1,3,4,4,1,2,4,4,4,4,1,2,1,3,2,4,4,1,1,1,2,2,1,3,4,1,4,3,3,4,1,0,1,4,1,4,3,4,1,4,3,1,4,3,4,4,1,1,2,2,3,1,4,4,1,4,1,1,1,1,1,2,1,4,1,1,1,2,4,4,1,1,2,4,1,1,4,3,4,2,1,2,4,2,1,1,4,1,2,4,3,3,4,4,1,1,4,3,2,1,4,4,4,4,1,4,1,4,2,4,2,2
Monaco,4,1,4,1,2,1,1,1,3,1,2,1,2,3,1,1,1,1,2,4,1,1,1,1,4,1,4,4,2,4,1,1,4,4,1,4,1,3,4,4,1,2,1,4,1,1,1,2,1,1,1,2,1,4,4,1,1,2,1,1,1,2,1,1,1,4,1,1,1,2,2,4,1,1,1,1,2,3,3,4,1,1,1,1,1,3,1,2,4,4,1,2,1,2,1,3,2,4,4,1,1,1,2,2,1,3,1,1,3,3,1,1,1,1,0,4,1,1,3,2,4,4,3,1,2,1,4,4,1,1,2,2,3,1,2,1,1,1,1,1,1,1,2,2,1,1,1,1,1,1,2,2,1,1,1,4,1,1,1,3,1,2,1,2,4,2,1,1,4,2,2,1,3,3,3,4,1,1,4,3,2,1,3,1,1,1,1,1,1,1,2,4,2,2
Mongolia,4,4,4,4,4,2,1,2,4,4,2,4,4,4,1,1,4,4,2,4,3,4,4,1,4,4,4,3,2,4,4,3,4,4,1,1,4,3,4,4,4,2,4,1,4,4,4,2,1,4,1,4,4,4,4,4,4,2,4,4,4,2,1,2,4,4,4,4,4,2,2,4,1,4,4,4,2,4,2,4,4,1,4,4,4,4,1,2,4,4,4,4,1,1,4,4,2,4,4,4,4,4,2,2,1,3,4,4,3,3,3,4,1,4,4,0,4,4,3,2,4,4,3,4,4,4,4,4,4,4,4,2,3,1,4,4,1,1,4,4,2,4,1,2,4,3,1,1,4,2,4,3,1,3,1,4,4,4,4,3,4,2,4,2,4,2,4,4,4,2,2,1,3,3,4,4,4,1,4,3,2,1,4,4,4,1,1,4,4,4,2,4,2,2
Montenegro,4,1,4,1,4,2,1,1,4,1,2,4,4,3,4,1,1,4,2,4,3,1,4,1,4,1,4,3,2,4,4,3,4,4,1,4,1,3,4,4,1,2,1,1,1,1,1,2,1,4,1,2,4,4,4,1,1,2,4,1,1,2,1,1,1,4,1,3,4,2,2,4,1,4,1,1,2,4,2,4,4,1,1,3,4,3,4,2,4,4,1,4,1,2,1,3,2,4,4,1,1,1,2,2,2,3,4,1,4,3,3,4,1,1,1,4,0,4,3,4,4,4,3,1,4,3,4,4,1,1,4,2,3,1,4,4,1,4,1,1,2,1,1,2,1,1,1,3,1,2,2,3,1,3,1,4,1,1,4,3,4,2,1,2,4,2,1,1,4,2,2,2,3,3,4,1,1,1,4,3,2,1,1,4,4,1,1,4,1,4,2,4,1,2
Morocco,4,4,1,1,2,2,4,2,4,4,2,4,2,4,1,4,4,1,1,4,3,4,4,1,4,4,1,4,2,4,4,4,4,4,4,4,1,3,3,4,4,1,4,4,4,4,4,2,1,1,1,4,4,4,4,4,4,2,4,4,4,1,1,4,4,4,4,1,4,1,2,4,1,4,4,4,4,3,3,4,4,4,4,4,4,3,2,2,4,4,2,4,2,2,4,3,2,4,4,4,4,4,2,2,1,3,1,4,3,3,3,4,1,4,4,4,4,0,3,2,4,4,3,4,4,3,1,3,4,4,1,2,3,4,4,4,4,1,4,4,2,4,4,2,2,4,1,1,1,1,4,1,4,1,4,4,4,4,4,3,4,2,4,2,4,2,4,4,4,2,2,4,3,3,4,4,1,1,4,3,2,4,2,4,4,4,2,1,4,4,4,4,2,2
Mozambique,4,4,4,4,1,2,4,4,4,4,4,4,2,3,3,4,4,4,1,4,3,4,1,4,4,4,4,4,2,4,4,1,4,4,4,4,4,3,4,4,4,4,4,4,4,4,4,2,1,4,1,4,4,4,4,4,1,2,4,4,4,2,4,2,4,3,4,1,4,4,2,4,1,4,4,4,2,4,3,4,4,4,4,1,4,4,4,2,4,4,4,4,2,4,4,4,1,4,4,4,4,4,2,1,4,3,4,4,4,3,1,4,1,4,4,4,4,4,0,4,1,4,3,4,4,3,4,4,4,4,4,2,3,4,4,4,4,1,4,4,2,4,4,2,2,3,1,3,4,1,4,4,4,3,1,3,4,4,4,3,1,2,4,2,4,2,4,4,4,4,1,4,3,3,4,4,4,4,4,3,3,4,4,4,4,4,4,1,4,4,4,4,1,1
Myanmar,4,4,4,4,4,2,4,2,4,4,4,4,4,4,4,4,4,4,2,4,3,4,2,4,1,4,4,4,1,4,4,3,4,4,4,4,4,3,4,4,4,2,4,4,4,4,4,2,1,4,4,4,4,4,4,4,4,2,4,4,4,2,1,2,4,4,4,4,4,2,3,4,1,4,4,4,2,1,3,4,4,4,4,4,4,4,4,2,4,4,4,4,2,1,4,4,2,4,4,4,4,4,2,2,2,3,4,4,4,3,3,4,1,4,4,4,4,4,3,0,4,4,3,4,4,3,4,4,4,4,4,2,4,4,4,4,4,1,4,4,2,4,4,2,4,4,1,3,4,2,4,4,4,3,1,4,4,4,4,3,4,4,4,2,4,2,4,4,4,4,2,1,3,3,4,4,4,4,4,3,2,2,4,4,4,4,4,4,4,4,1,4,2,2
Namibia,4,4,4,4,1,1,2,4,4,4,4,1,4,3,1,4,4,1,1,4,3,4,1,1,4,4,4,4,2,4,4,3,4,4,4,4,2,3,4,4,4,2,4,1,4,4,4,2,1,1,1,4,4,4,4,4,1,2,4,4,4,2,1,2,4,3,4,1,4,1,2,4,1,4,4,4,2,4,3,4,4,4,4,1,4,4,4,1,4,4,4,4,2,2,4,4,1,4,4,4,4,4,2,1,1,3,4,4,4,3,1,4,1,4,4,4,4,4,3,4,0,4,3,4,4,3,4,4,4,4,4,2,3,1,2,4,4,1,4,4,2,4,1,2,2,1,1,3,4,2,4,3,4,3,1,3,4,4,4,3,1,2,4,2,4,2,4,4,4,4,1,4,3,3,4,1,1,4,4,3,2,4,4,1,4,4,4,1,4,4,4,4,1,1
Nauru,4,4,4,4,4,1,4,3,4,4,4,1,4,3,1,4,4,4,2,4,3,4,1,4,4,4,4,4,3,4,4,3,4,4,4,4,4,3,4,4,1,4,4,4,4,4,4,2,1,1,1,3,4,4,4,4,4,2,1,4,4,4,1,2,4,4,4,1,1,4,3,4,1,1,4,4,2,4,3,4,1,1,4,1,4,3,4,1,1,4,1,4,2,4,4,4,1,4,4,4,4,4,2,1,1,3,4,4,3,3,1,4,1,4,4,4,4,4,3,2,4,0,3,4,4,3,4,4,4,4,4,2,3,1,2,4,1,4,4,4,2,4,1,2,1,1,1,1,4,2,4,4,4,1,1,4,4,4,3,3,4,2,4,3,4,2,4,4,4,4,1,3,3,3,3,1,4,4,4,3,3,2,1,1,4,4,2,1,4,4,2,4,1,1
Nepal,4,4,4,4,4,2,4,4,4,4,2,4,4,3,4,4,4,4,2,4,3,4,4,4,4,4,4,4,2,4,4,3,4,4,4,4,4,3,4,4,4,2,4,4,4,4,4,2,1,4,4,4,4,4,4,4,4,2,4,4,4,2,1,4,4,4,4,4,4,2,2,4,1,4,4,4,1,4,4,4,4,4,4,4,4,4,4,2,4,4,4,4,2,2,4,4,2,4,4,4,4,4,2,2,2,3,4,4,4,3,3,4,1,4,4,4,4,4,3,2,4,4,0,4,4,4,4,4,4,4,4,1,3,4,4,4,4,1,4,4,2,4,4,2,4,4,1,3,4,2,4,3,4,3,1,4,4,4,4,3,4,2,4,2,4,2,4,4,4,4,2,4,3,3,4,4,4,4,4,3,2,2,4,4,4,4,2,4,4,4,4,4,3,2
Netherlands,4,1,4,1,2,1,1,1,3,1,2,1,2,3,1,1,1,1,2,4,1,1,1,1,1,1,3,3,2,4,1,1,4,4,1,4,1,3,4,4,1,2,1,4,1,1,1,2,1,1,1,2,1,4,4,1,1,2,1,1,1,2,1,1,1,4,1,1,1,2,2,1,1,1,1,1,2,3,2,3,1,1,1,1,1,3,1,2,1,4,1,2,1,2,1,3,1,4,4,1,1,1,2,2,1,3,4,1,1,3,1,1,1,1,1,3,1,1,3,2,1,4,3,0,2,1,4,4,1,1,2,2,1,1,2,1,1,1,1,1,1,1,2,2,1,1,1,1,1,1,2,1,1,1,1,3,1,1,1,3,1,2,1,2,4,2,1,1,4,2,2,1,1,3,1,1,1,1,4,1,2,1,1,1,1,1,1,1,1,1,2,4,2,2
New Zealand,4,1,4,1,2,1,1,1,1,1,2,1,2,3,1,1,1,1,2,4,1,1,1,1,1,1,3,3,2,4,1,3,4,4,1,4,1,3,4,4,1,2,1,4,1,1,1,2,1,1,1,3,1,4,4,1,1,2,1,1,1,2,1,1,1,4,1,1,1,2,2,1,1,1,1,1,2,3,2,3,1,1,1,1,1,3,1,2,1,4,2,2,1,2,1,3,1,4,4,1,1,1,2,2,1,3,4,1,3,3,1,1,1,1,1,4,1,1,3,2,1,4,3,1,0,1,4,4,1,1,2,2,3,1,2,1,1,4,1,1,1,1,4,2,1,1,1,1,1,2,2,3,1,1,1,3,1,1,1,3,1,2,1,2,4,2,1,1,4,3,2,1,3,3,3,3,1,1,4,3,2,1,3,1,1,1,1,1,1,1,2,4,2,2
Nicaragua,4,1,4,1,4,2,1,2,4,1,4,1,4,3,1,1,1,1,2,4,3,1,4,1,4,1,4,4,2,4,4,3,4,4,1,4,4,3,4,4,4,2,1,4,1,1,1,2,1,1,1,4,1,4,4,1,4,2,4,1,1,2,1,4,1,4,1,4,1,4,2,4,1,1,1,1,2,4,3,4,1,4,1,4,4,3,4,2,4,4,1,4,2,2,1,4,2,4,4,1,1,1,2,4,1,3,4,1,4,3,1,4,1,1,1,4,1,4,3,4,3,4,3,1,4,0,4,4,1,1,1,2,3,1,4,1,4,1,1,1,2,1,1,2,1,3,1,3,1,2,4,4,4,3,1,4,1,1,4,3,4,2,1,2,4,2,1,1,4,4,2,4,3,3,4,1,4,1,4,3,2,2,4,1,4,1,1,4,1,1,4,4,2,2
Niger,4,4,4,4,4,2,4,4,4,4,4,4,4,3,4,4,4,4,1,4,3,4,4,4,4,4,1,4,2,4,4,1,1,1,4,4,4,3,3,4,4,1,4,4,4,4,4,2,1,4,1,4,4,4,4,4,4,2,4,4,4,2,1,2,4,1,4,4,4,1,1,4,1,4,4,4,4,4,3,4,4,4,4,4,4,4,4,2,4,4,4,4,2,4,4,4,2,1,4,4,4,4,2,4,4,3,1,4,4,1,3,4,1,4,4,4,4,1,3,4,4,4,3,4,4,3,0,1,4,4,4,2,3,4,4,4,4,1,4,4,2,4,4,2,2,4,1,3,4,2,4,1,4,3,1,1,4,4,4,3,4,2,4,2,4,2,4,4,4,4,4,4,3,1,4,4,1,4,4,3,3,4,4,4,4,4,4,4,4,4,4,4,2,2
Nigeria,4,4,4,4,4,2,4,4,4,4,4,4,4,4,1,4,4,4,1,4,4,4,4,4,4,4,1,4,2,1,4,1,4,1,4,4,4,3,4,4,4,1,4,4,4,4,4,2,1,4,4,4,4,4,4,4,4,2,1,4,4,2,1,4,4,1,4,4,4,1,1,4,1,4,4,4,4,4,3,4,4,4,4,4,4,4,4,2,4,4,4,4,2,4,4,4,2,1,4,4,4,4,2,4,4,3,1,4,4,3,3,4,1,4,4,4,4,4,3,4,3,4,4,4,4,4,1,0,4,4,4,2,3,4,4,4,4,4,4,4,2,4,4,2,1,4,4,1,4,2,4,1,4,1,4,1,4,4,4,3,2,2,4,4,4,2,4,4,4,4,4,4,3,1,4,4,4,4,4,3,2,4,4,4,4,4,4,1,4,4,4,4,2,2
North Macedonia,4,1,4,1,4,2,1,2,4,1,2,1,4,3,4,1,1,4,2,4,3,1,4,1,4,1,4,4,2,4,4,3,4,4,1,4,1,3,4,4,4,2,1,1,1,1,1,2,1,1,1,2,1,4,4,1,1,2,4,1,1,2,4,1,1,4,1,3,1,2,2,4,1,1,1,1,2,1,2,4,4,1,1,3,1,3,4,2,4,4,4,4,1,2,1,3,2,4,4,1,1,1,2,2,1,3,4,1,4,3,3,4,1,1,1,4,1,4,3,4,4,4,3,1,4,1,4,4,0,1,1,2,3,1,4,4,1,4,1,1,1,1,1,2,1,4,1,1,1,2,4,4,1,1,1,4,1,1,4,3,4,2,1,2,4,2,1,1,4,2,2,4,3,3,4,4,1,1,4,3,2,1,4,4,4,4,2,4,1,4,2,4,2,2
Norway,4,1,4,1,2,1,1,1,3,1,2,1,2,3,1,1,1,1,2,4,1,1,1,1,1,1,3,3,2,4,1,1,4,4,1,4,1,3,4,4,1,2,1,4,1,1,1,2,1,1,1,2,1,4,4,1,1,2,1,1,1,2,1,1,1,4,1,1,1,2,2,1,1,1,1,1,2,3,3,4,1,1,1,1,4,3,1,2,1,4,2,2,1,2,1,3,1,4,4,1,1,1,2,2,1,3,4,1,3,3,1,1,1,1,1,4,1,1,3,2,1,4,3,1,2,1,4,4,1,0,1,2,1,1,2,1,1,1,1,1,1,1,2,2,1,1,1,1,1,1,2,3,1,1,1,3,1,1,1,3,1,2,1,2,4,2,1,1,4,1,2,1,1,3,1,1,1,1,4,1,2,1,1,1,1,1,1,1,1,1,1,4,2,2
Oman,4,4,4,4,4,2,2,2,4,4,3,1,1,3,1,1,4,4,2,4,3,1,1,4,1,4,4,4,2,4,4,3,4,4,4,4,4,3,4,4,4,2,4,4,4,4,4,2,1,4,1,2,4,4,4,4,4,2,4,4,4,2,4,1,4,4,4,4,4,2,2,4,1,4,4,4,2,3,1,3,4,4,4,4,4,1,1,2,4,4,1,1,1,2,4,1,2,4,4,4,4,4,2,2,1,3,4,4,4,3,1,4,1,4,4,4,4,1,3,4,4,4,3,4,2,3,4,4,4,4,0,2,3,4,4,3,4,1,4,4,1,4,2,2,2,4,1,3,4,2,1,3,1,3,1,3,4,4,4,3,4,2,4,2,4,2,4,4,4,3,2,1,3,3,4,4,1,2,4,3,2,2,1,2,4,4,2,1,4,4,4,3,2,2
Pakistan,4,4,4,4,4,2,4,4,4,4,2,4,2,4,4,4,4,4,2,4,4,4,4,4,3,4,4,3,3,4,4,3,4,4,4,4,4,3,4,4,4,2,4,4,4,4,4,2,1,4,4,4,4,4,4,4,4,2,4,4,4,2,4,4,4,4,4,4,4,2,2,4,1,4,4,4,4,4,4,4,4,4,4,4,4,4,4,2,4,4,4,4,2,4,4,4,2,4,4,4,4,4,2,2,2,3,4,4,4,3,4,4,1,4,4,4,4,4,3,2,4,4,3,4,4,4,4,4,4,4,4,0,3,4,4,4,4,4,4,4,3,4,4,2,2,4,1,1,4,2,4,4,4,1,4,3,4,4,4,3,2,4,4,4,4,2,4,4,4,2,4,4,4,3,4,1,4,4,4,3,2,4,4,4,4,4,4,1,4,4,4,4,2,2
Palau,4,4,4,1,4,2,4,3,4,1,4,4,4,3,4,4,1,1,2,4,3,1,4,4,4,1,4,4,3,4,4,3,4,4,4,4,1,3,4,4,1,4,1,4,1,1,1,2,1,4,1,3,4,4,4,1,4,2,1,1,1,4,1,2,1,4,1,4,4,4,3,4,1,4,1,1,2,4,3,4,4,1,1,4,4,3,4,2,1,4,1,4,2,2,1,4,2,4,4,1,1,1,2,3,1,3,4,1,1,3,3,1,1,1,1,4,4,4,3,2,4,3,3,1,4,3,4,4,4,1,4,2,0,1,2,4,1,1,1,1,2,1,1,2,2,3,1,1,1,2,4,3,1,3,1,4,1,1,3,3,4,2,1,3,4,2,1,1,4,4,2,4,3,3,3,4,4,4,4,3,3,2,4,1,1,4,2,1,1,4,2,4,2,2
Panama,4,1,4,1,4,1,1,2,4,1,2,1,4,4,1,1,1,1,2,4,1,1,4,1,4,1,4,4,2,4,4,3,4,4,1,4,1,3,4,4,1,4,1,4,1,1,1,2,1,1,1,3,1,4,4,1,4,2,4,1,1,2,1,1,1,4,1,4,1,4,2,1,4,1,1,1,2,4,3,4,1,1,1,1,4,3,4,2,4,4,1,4,2,2,1,3,2,4,4,1,1,1,2,3,1,3,4,1,4,3,1,1,1,1,1,4,1,4,3,2,4,4,3,1,4,1,4,4,1,1,4,2,3,0,4,1,1,1,1,1,1,1,1,2,1,1,1,3,1,2,4,4,4,3,1,4,1,1,3,3,1,2,1,2,4,2,1,1,4,2,2,4,3,3,4,1,4,1,4,3,2,1,4,1,4,1,1,4,1,4,1,4,2,2
Papua New Guinea,4,4,4,4,4,1,4,2,4,4,4,1,4,1,4,4,4,4,2,4,3,4,1,4,4,4,4,4,2,4,1,3,4,4,4,4,1,3,4,4,4,4,4,4,4,4,4,2,1,1,1,3,4,4,4,4,1,2,1,4,4,4,1,2,4,4,4,1,4,4,2,4,1,4,4,4,2,4,2,4,4,1,4,1,4,4,4,1,4,4,4,4,2,2,4,4,1,4,4,4,4,4,2,4,1,3,4,4,3,3,1,4,1,4,4,4,4,4,3,2,4,3,3,4,4,3,4,4,4,4,4,2,3,1,0,4,1,1,4,4,2,4,4,2,1,3,1,1,4,2,4,3,4,3,1,3,4,4,3,3,4,2,4,2,4,2,4,4,4,2,1,3,3,3,3,4,4,4,4,3,2,4,4,1,4,4,4,1,4,4,2,4,2,2
Paraguay,4,1,4,1,4,2,1,2,4,1,2,1,3,4,4,4,1,1,2,4,1,1,1,1,4,1,3,3,2,4,4,3,4,4,1,4,1,3,4,4,1,2,1,4,1,1,1,2,1,1,1,3,1,4,4,1,4,2,1,1,1,2,1,2,1,4,1,4,1,4,2,4,1,1,1,1,2,4,2,4,1,1,1,1,4,3,4,2,4,4,2,4,2,2,1,3,2,4,4,1,1,1,2,2,1,3,4,1,4,3,1,1,1,1,1,4,1,4,3,4,4,4,3,1,4,1,4,4,1,1,1,2,3,1,4,0,1,1,1,1,1,1,1,2,1,3,1,1,1,2,4,4,1,1,1,4,1,1,4,3,1,2,1,2,4,2,1,1,4,2,2,4,3,3,4,4,4,1,4,3,2,1,1,1,4,1,2,4,1,1,4,4,2,2
Peru,4,1,4,1,4,1,1,2,4,1,2,1,2,3,1,1,1,1,2,4,1,1,1,1,1,1,4,4,2,4,4,3,4,4,1,4,1,3,4,4,1,2,1,4,1,1,1,2,1,1,1,3,4,4,4,1,4,2,1,1,1,2,4,2,1,4,1,1,1,4,2,1,1,1,1,1,2,3,2,4,4,1,1,1,4,3,4,2,4,4,1,4,2,2,1,3,2,4,4,1,1,1,2,3,1,3,4,1,3,3,3,1,1,1,1,1,1,1,3,2,4,4,3,1,4,3,4,4,1,1,1,2,3,1,2,1,0,1,1,1,1,1,1,2,1,3,1,3,1,2,4,3,1,1,1,4,1,1,4,3,1,2,1,2,4,2,1,1,4,2,2,1,3,3,4,1,4,1,4,3,2,1,1,1,4,1,2,1,1,4,2,4,2,2
Philippines,4,4,4,4,4,2,4,2,4,4,4,4,2,4,1,4,4,4,2,4,1,4,4,1,1,4,4,3,1,4,4,3,4,4,4,4,1,3,4,4,1,1,4,4,4,4,4,2,1,4,4,4,4,4,4,4,4,2,1,4,4,2,1,2,4,4,4,4,4,2,2,4,1,4,4,4,2,1,3,4,4,1,4,4,4,4,1,2,4,4,4,4,2,1,4,4,2,4,4,4,4,4,2,2,1,3,4,4,3,3,3,4,1,4,4,1,4,1,3,1,4,4,3,4,4,3,4,4,4,4,4,2,3,4,2,4,1,0,4,4,2,4,2,1,2,3,1,3,4,2,4,3,4,1,1,4,4,4,4,3,2,2,4,2,4,1,4,4,4,2,2,1,3,3,4,3,4,2,4,3,2,2,4,4,4,4,2,1,4,4,1,4,2,2
Poland,4,1,4,1,2,1,1,1,3,1,2,1,2,3,1,1,1,1,2,4,1,1,1,1,1,1,3,3,2,4,2,2,4,4,1,4,1,3,4,4,1,2,1,4,1,1,1,2,1,1,1,2,1,4,4,1,1,2,1,1,1,2,1,1,1,4,1,2,1,2,2,4,1,1,1,1,2,3,2,3,1,1,1,1,1,3,1,2,1,4,2,2,1,2,1,3,2,4,4,1,1,1,2,2,1,3,4,1,1,3,1,1,1,1,1,2,1,1,3,2,3,4,3,1,2,1,4,2,1,1,2,2,1,1,2,1,1,1,0,1,1,1,4,2,1,1,1,1,1,1,2,1,1,3,1,2,1,1,1,3,1,2,1,2,4,2,1,1,4,2,2,1,1,3,1,1,1,1,4,1,2,1,1,1,3,1,1,1,1,1,2,4,2,2
Portugal,1,1,4,1,2,1,1,1,3,1,2,1,2,3,1,1,1,1,2,4,1,1,1,1,1,1,3,3,2,4,1,1,4,4,1,4,1,3,4,2,1,2,1,4,1,1,1,2,1,1,1,2,1,4,4,1,1,2,1,1,1,2,1,1,1,4,1,1,1,2,2,1,1,1,1,1,2,3,2,3,1,1,1,1,1,3,1,2,1,4,2,2,1,2,1,3,1,4,4,1,1,1,2,2,1,3,4,1,1,3,1,1,1,1,1,3,1,1,3,2,1,4,3,1,2,1,4,4,1,1,1,2,1,1,2,1,1,1,1,0,1,1,2,2,1,1,1,1,1,1,2,1,1,1,1,3,1,1,1,3,1,2,1,2,4,2,1,1,4,1,2,1,1,3,1,1,1,1,4,1,2,1,1,1,1,1,1,1,1,1,2,4,2,2
Qatar,4,4,4,4,4,2,1,1,4,4,2,1,1,1,1,1,4,4,2,4,3,1,1,1,3,4,4,4,2,4,4,3,4,4,4,1,1,3,4,4,1,2,4,4,4,4,4,2,1,1,1,4,1,4,4,4,1,2,4,4,4,2,4,1,4,4,4,4,1,2,2,4,1,1,4,4,2,3,2,3,4,4,4,4,4,1,1,2,4,4,1,1,1,2,4,1,2,4,4,4,4,4,2,2,1,3,4,4,4,3,1,4,1,4,4,3,1,1,3,2,4,4,3,4,2,1,4,4,4,4,1,2,3,1,4,3,1,1,4,4,0,4,1,2,2,4,1,1,4,1,1,3,1,1,1,3,4,4,4,3,1,2,4,2,1,2,4,4,4,2,2,1,3,3,4,4,1,1,4,3,2,1,1,2,4,4,2,1,4,1,2,3,2,2
Romania,4,1,4,1,2,1,1,1,3,1,2,1,2,3,1,1,1,1,2,4,3,1,1,1,1,1,4,3,2,4,2,1,4,4,1,4,1,3,4,4,1,2,1,4,1,1,1,2,1,1,1,2,1,4,4,1,4,2,1,1,1,2,1,1,1,4,1,1,1,2,2,4,1,1,1,1,2,3,2,3,1,1,1,3,1,3,1,2,1,4,1,2,1,2,1,3,2,4,4,1,1,1,2,2,1,3,4,1,1,3,1,1,1,1,1,3,1,1,3,2,3,4,3,1,2,1,4,4,1,1,2,2,1,1,2,1,1,1,1,1,1,0,2,2,1,1,1,1,1,1,2,1,1,1,1,3,1,1,1,3,4,2,1,2,4,2,1,1,4,3,1,3,1,1,1,1,1,1,4,1,2,1,1,1,4,1,1,1,1,1,2,4,1,3
Russia,4,1,4,1,2,1,1,1,4,4,1,1,2,3,1,1,4,1,2,4,1,1,1,1,1,4,4,3,2,4,4,1,4,4,1,4,1,3,4,4,1,2,4,1,4,5,4,2,1,1,1,2,1,4,4,5,1,2,1,5,4,2,4,1,4,4,4,1,1,2,2,1,1,1,4,4,2,3,2,3,4,1,4,1,4,3,1,2,4,4,1,4,1,1,5,3,2,4,4,4,5,4,2,2,1,1,4,4,3,3,1,2,1,1,4,1,1,1,3,1,1,1,3,4,4,1,4,4,4,4,1,2,1,1,2,1,1,4,5,4,1,4,0,2,1,1,1,1,1,1,2,3,1,1,4,3,4,4,4,3,1,2,4,2,4,1,4,4,4,1,2,1,3,3,3,1,1,1,4,3,2,4,1,4,4,1,1,1,4,1,1,4,2,2
Rwanda,4,4,4,4,1,2,4,4,4,4,4,4,4,3,1,4,4,4,1,4,4,4,4,4,4,4,4,1,2,4,4,3,1,1,4,4,4,3,3,1,4,1,4,4,4,4,4,2,1,4,1,4,4,4,4,4,4,2,4,4,4,2,4,2,4,1,4,1,4,1,2,4,1,4,4,4,2,4,3,4,4,4,4,4,4,3,4,1,4,4,4,4,2,2,4,4,2,4,4,4,4,4,2,4,4,3,3,4,4,3,1,4,1,4,4,4,4,4,3,4,3,4,3,4,4,3,4,4,4,4,4,2,3,4,2,4,4,1,4,4,1,4,4,0,1,4,1,1,4,1,4,3,4,1,1,3,4,4,4,3,4,3,4,2,4,2,4,4,4,4,1,4,3,3,4,4,4,4,4,3,1,4,4,4,4,4,4,1,4,4,4,4,3,3
Saint Kitts and Nevis,4,1,4,1,4,1,1,3,4,1,4,1,2,1,1,1,1,1,2,4,3,1,1,1,4,1,1,4,3,4,4,3,4,4,1,4,1,3,4,4,1,4,1,1,1,1,1,2,1,1,1,3,1,4,4,1,1,2,1,1,1,1,1,2,1,4,1,1,1,4,3,1,1,1,1,1,2,4,3,4,1,1,1,1,4,3,4,1,1,4,1,4,2,2,1,3,1,4,4,1,1,1,2,1,1,3,4,1,4,3,1,4,1,1,1,4,1,4,3,4,4,4,3,1,4,1,4,4,1,1,4,2,3,1,2,4,1,1,1,1,2,1,1,2,0,1,1,3,1,1,4,3,1,3,1,3,1,1,3,3,4,2,1,2,1,1,1,1,4,2,1,4,3,3,3,1,1,1,4,1,3,1,4,1,4,1,1,1,1,1,4,4,1,1
Saint Lucia,4,4,4,1,4,1,1,3,4,1,4,1,2,3,1,4,1,1,2,4,3,1,1,4,4,1,4,4,3,4,4,3,4,4,1,4,1,3,4,4,1,4,1,1,1,1,1,2,1,1,1,3,1,4,4,1,1,2,1,1,1,2,1,2,1,4,1,1,1,4,3,1,1,1,1,1,2,4,2,4,1,1,1,1,4,3,2,1,1,4,1,4,2,2,1,4,1,4,4,1,1,1,2,1,1,3,4,1,4,3,1,4,1,1,1,4,1,4,3,4,4,4,3,1,4,1,4,3,4,1,4,2,3,1,2,4,1,1,1,1,2,1,4,2,1,0,1,3,1,2,4,3,4,3,1,3,1,1,3,3,4,2,1,2,4,1,1,1,4,2,1,4,3,3,3,1,1,2,4,3,3,2,2,1,4,4,1,1,1,1,4,4,1,1
Saint Vincent and the Grenadines,4,4,4,1,4,1,1,3,4,1,4,1,2,3,1,1,1,1,2,4,3,1,1,1,4,1,4,4,3,4,4,3,4,4,1,4,1,3,4,4,1,4,1,1,1,1,1,2,1,1,1,4,1,4,4,1,4,2,1,1,1,2,1,1,1,1,1,1,1,4,3,1,1,1,1,1,2,4,3,4,1,1,1,1,4,3,4,1,1,4,1,4,2,2,1,4,1,4,4,1,1,1,2,1,1,3,4,1,3,3,1,4,1,1,1,4,1,4,3,4,4,4,3,1,4,1,4,4,4,1,4,2,3,1,2,4,1,1,1,1,2,1,1,2,1,1,0,3,1,2,4,3,1,3,1,3,1,1,3,3,1,2,1,2,4,1,1,1,4,2,1,4,3,3,3,1,4,2,4,3,1,1,1,1,4,1,1,1,1,1,4,4,1,1
Samoa,4,4,4,1,4,1,4,3,4,1,4,1,4,1,1,4,1,4,2,4,3,1,1,4,4,1,4,4,3,4,1,3,4,4,4,4,1,3,4,4,1,4,1,4,1,1,1,2,1,4,1,3,4,4,4,1,1,2,1,1,1,4,1,2,1,4,1,1,4,4,3,4,1,4,1,1,2,4,3,4,1,4,1,1,4,3,4,1,1,4,1,4,2,2,1,3,1,4,4,1,1,1,2,1,1,3,4,1,3,3,1,4,1,1,1,4,1,4,3,2,4,3,3,1,4,3,4,4,4,1,4,1,3,1,2,4,1,1,1,1,2,1,1,2,2,1,1,0,1,2,4,3,4,3,1,3,1,1,3,3,4,2,1,3,4,2,1,1,4,4,2,4,3,3,3,1,4,4,4,3,3,2,4,1,4,4,2,1,1,4,2,4,1,1
San Marino,4,1,4,1,4,1,1,1,3,1,4,1,2,3,1,1,1,4,2,4,3,1,1,1,4,1,4,4,2,4,1,1,4,4,1,1,1,3,4,4,1,2,1,4,1,1,1,2,1,1,1,3,1,4,4,1,1,2,4,1,1,2,1,1,1,4,1,1,1,2,2,4,1,1,1,1,2,3,3,4,1,1,1,1,1,3,4,1,4,4,1,2,1,2,1,3,1,4,4,1,1,1,2,2,1,3,4,1,4,3,1,1,1,1,1,4,1,1,3,4,4,4,3,1,2,1,4,4,1,1,2,2,3,1,2,4,1,1,1,1,1,1,2,2,2,1,1,3,0,1,2,4,1,3,1,4,1,1,3,3,1,2,1,2,4,2,1,1,4,2,2,1,3,3,4,4,1,1,4,3,2,1,3,1,1,1,1,1,1,1,2,4,2,2
São Tomé and Príncipe,4,4,4,4,4,4,4,4,4,4,4,1,4,3,4,4,4,4,1,4,3,4,4,4,4,4,3,4,3,4,4,3,4,4,4,4,4,3,4,4,1,4,4,4,4,4,4,4,1,4,1,3,1,4,4,4,4,3,4,4,4,4,1,4,4,3,4,4,1,4,3,4,1,1,4,4,4,1,3,4,4,4,4,4,4,3,4,3,4,4,4,4,4,3,4,4,4,4,4,4,4,4,3,3,1,3,4,4,4,3,3,4,1,4,4,4,4,4,3,4,3,4,3,4,4,1,4,3,4,4,4,4,3,1,4,4,4,1,4,4,4,4,4,1,4,3,4,3,4,0,4,3,4,3,1,4,4,4,4,3,1,4,4,2,4,4,4,4,4,4,3,4,3,3,4,4,4,4,4,3,3,4,4,4,4,4,4,4,4,4,4,4,3,3
Saudi Arabia,4,1,4,4,2,2,4,2,4,4,2,4,1,3,1,1,4,4,2,4,3,4,1,4,3,4,4,3,3,4,4,3,4,4,4,4,2,3,4,4,4,2,4,4,4,4,4,2,1,4,1,1,1,4,4,4,4,2,4,4,4,2,4,1,4,4,4,4,1,2,2,4,1,1,4,4,4,3,3,3,4,4,4,4,4,1,1,2,4,4,2,1,1,2,4,1,2,4,4,4,4,4,2,2,1,3,4,4,4,3,1,4,1,4,4,4,1,1,3,2,4,4,3,4,2,1,4,4,4,4,1,2,3,1,4,4,4,1,4,4,1,4,2,2,1,4,1,1,4,2,0,4,4,1,4,3,4,4,4,3,2,2,4,2,4,2,4,4,4,3,2,1,3,3,4,4,1,2,4,3,2,1,1,1,4,4,1,1,4,4,4,3,1,3
Senegal,4,4,4,4,4,2,4,4,4,4,4,4,2,3,1,4,4,4,1,4,3,4,4,4,4,4,1,4,2,4,4,1,1,1,4,4,4,3,4,4,4,1,4,4,4,4,4,2,1,4,4,4,4,4,4,4,4,2,1,4,4,2,1,2,4,1,4,4,4,1,1,4,1,4,4,4,2,4,3,4,4,4,4,4,4,4,4,4,4,4,4,4,2,4,4,4,2,1,4,4,4,4,2,4,1,3,1,4,4,1,3,4,1,4,4,4,4,1,3,4,4,4,3,4,4,3,1,1,4,4,4,2,3,4,4,4,4,1,4,4,2,4,4,1,2,3,1,3,4,2,4,0,4,3,1,1,4,4,4,3,4,2,4,2,4,2,4,4,4,2,4,4,3,1,4,4,1,4,4,3,2,4,4,4,4,4,2,4,4,4,4,4,2,2
Serbia,4,1,4,1,4,2,1,1,4,1,1,4,2,3,1,1,1,4,2,4,3,1,2,1,4,1,4,3,2,4,4,3,4,4,1,1,1,3,4,4,1,2,1,1,1,1,1,2,1,1,1,2,4,4,4,1,1,2,1,1,1,2,4,1,1,4,1,1,4,2,2,4,1,4,1,1,2,3,2,4,4,1,1,3,1,3,1,2,4,4,2,2,1,2,1,3,2,4,4,1,1,1,2,2,2,3,4,1,4,3,3,4,1,1,1,1,1,4,3,2,4,4,3,1,4,3,4,4,1,1,1,2,3,1,4,4,1,4,1,1,1,1,1,2,1,4,1,1,1,2,4,4,0,1,1,4,1,1,4,3,4,2,1,2,4,1,1,1,4,2,2,2,3,3,4,1,1,1,4,3,2,1,1,4,4,1,1,1,1,4,2,4,1,2
Seychelles,4,1,1,1,1,1,4,4,4,1,2,1,2,1,1,1,1,1,1,4,3,1,1,1,4,1,4,3,1,4,4,3,4,4,4,1,4,3,4,4,1,1,1,4,1,1,1,2,1,1,1,3,4,4,4,1,1,2,1,1,1,2,1,1,1,1,1,1,4,4,2,4,1,4,1,1,2,3,3,4,1,4,1,1,4,3,4,1,1,4,1,4,2,2,1,4,1,4,4,1,1,1,2,1,1,3,4,1,3,3,1,4,1,1,1,4,1,4,3,4,1,4,3,1,2,3,4,1,1,1,2,2,3,1,2,4,4,1,1,1,1,1,1,1,1,3,1,1,1,2,4,3,1,0,1,3,1,1,4,3,1,2,1,1,4,1,1,1,4,2,1,4,3,3,3,1,1,1,4,3,1,2,1,1,4,1,2,1,1,4,4,4,1,1
Singapore,4,1,4,1,1,1,1,1,2,1,2,1,2,3,1,1,1,1,1,4,3,1,1,1,1,1,1,3,1,4,2,1,4,4,1,1,1,3,4,4,1,1,1,1,1,1,1,1,1,1,1,3,1,4,4,1,1,2,1,1,1,2,1,1,1,1,1,1,1,1,2,4,1,1,1,1,2,1,2,4,1,1,1,1,1,3,1,1,1,4,2,2,1,1,1,3,1,4,4,1,1,1,2,2,1,3,4,1,3,3,1,1,1,1,1,1,1,1,3,1,1,4,3,1,2,1,4,4,1,1,1,2,3,1,2,1,1,1,1,1,1,1,2,1,1,1,1,1,1,2,2,1,1,1,0,3,1,1,1,3,1,2,1,3,4,2,1,1,4,1,1,1,3,3,3,1,1,1,4,3,1,2,3,1,1,1,1,1,1,4,1,4,1,1
Sierra Leone,4,1,4,1,1,1,1,1,2,1,2,1,2,3,1,1,1,1,1,4,3,1,1,1,1,1,1,3,1,4,2,1,4,4,1,1,1,3,4,4,1,1,1,1,1,1,1,1,1,1,1,3,1,4,4,1,1,2,1,1,1,2,1,1,1,1,1,1,1,1,2,4,1,1,1,1,2,1,2,4,1,1,1,1,1,3,1,1,1,4,2,2,1,1,1,3,1,4,4,1,1,1,2,2,1,3,4,1,3,3,1,1,1,1,1,1,1,1,3,1,1,4,3,1,2,1,4,4,1,1,1,2,3,1,2,1,1,1,1,1,1,1,2,1,1,1,1,1,1,2,2,1,1,1,1,0,1,1,1,3,1,2,1,3,4,2,1,1,4,1,1,1,3,3,3,1,1,1,4,3,1,2,3,1,1,1,1,1,1,4,1,4,1,1
Slovakia,4,1,4,1,2,1,1,1,3,1,2,1,2,3,1,1,1,1,2,4,1,1,1,1,1,1,3,4,2,4,1,1,4,4,1,4,1,3,4,4,1,2,1,4,1,1,1,2,1,1,1,2,1,4,4,1,1,2,1,1,1,2,4,1,1,4,1,1,1,2,2,4,1,1,1,1,2,3,2,4,1,1,1,1,1,3,1,2,1,4,1,2,1,2,1,3,2,4,4,1,1,1,2,2,1,3,4,1,1,3,1,1,1,1,1,3,1,1,3,2,3,4,3,1,2,1,4,4,1,1,2,2,1,1,2,1,1,1,1,1,1,1,2,2,1,1,1,1,1,1,2,1,1,1,1,3,0,1,1,3,4,2,1,2,4,2,1,1,4,3,2,1,1,3,1,1,1,1,4,1,2,1,1,1,1,1,1,1,1,1,2,4,2,2
Slovenia,4,1,4,1,2,1,1,1,3,1,2,1,2,3,1,1,1,1,2,4,1,1,1,1,1,1,3,4,2,4,1,1,4,4,1,4,1,3,4,4,1,2,1,4,1,1,1,2,1,1,1,2,1,4,4,1,1,2,1,1,1,2,1,1,1,4,1,1,1,2,2,4,1,1,1,1,2,3,2,4,1,1,1,3,1,3,1,2,1,4,1,2,1,2,1,3,2,4,4,1,1,1,2,2,1,3,4,1,1,3,1,1,1,1,1,3,1,1,3,2,4,4,3,1,2,1,4,4,1,1,2,2,1,1,2,1,1,1,1,1,1,1,2,2,1,1,1,1,1,1,2,1,1,1,1,3,1,0,1,3,4,2,1,2,4,2,1,1,4,3,2,1,1,3,1,1,1,1,4,1,2,1,1,1,1,1,1,1,1,1,2,4,2,2
Solomon Islands,4,4,4,1,4,1,4,3,4,1,4,1,4,3,1,4,1,1,2,4,3,1,1,4,4,1,4,4,3,4,1,3,4,4,4,4,1,3,4,4,1,4,1,4,1,1,1,2,1,1,1,3,1,4,4,1,1,2,1,1,1,4,1,2,1,4,1,1,1,2,3,4,1,1,1,1,2,4,3,4,1,1,1,1,4,3,4,1,1,4,1,4,2,2,1,4,1,4,4,1,1,1,2,3,1,3,4,1,3,3,1,4,1,1,1,4,4,4,3,2,4,3,3,1,4,1,4,4,4,1,4,2,3,1,2,4,1,1,1,1,2,4,4,2,1,1,1,1,1,2,4,3,4,3,1,3,1,1,0,3,4,2,1,3,4,2,1,1,4,4,1,4,3,3,3,1,4,4,4,3,1,2,1,1,4,4,2,1,1,4,2,4,1,1
Somalia,4,4,4,4,4,2,4,4,4,4,4,4,4,3,4,4,4,4,1,4,4,4,4,4,4,4,3,4,2,4,5,3,4,4,4,4,4,3,4,4,4,2,4,4,4,4,4,2,1,4,4,4,4,4,4,4,4,2,4,4,4,2,4,4,4,3,4,4,4,4,2,4,1,4,4,4,4,4,4,4,4,4,4,4,4,4,4,2,4,4,4,4,2,2,4,4,2,4,4,4,4,4,2,4,1,3,4,4,4,3,4,4,1,4,4,4,4,4,4,4,4,4,4,4,5,4,4,4,4,4,4,4,3,4,4,4,4,4,4,4,2,4,4,2,2,4,1,1,4,2,4,4,4,1,4,4,4,4,4,0,4,2,4,2,4,2,4,4,4,4,4,4,3,3,4,4,4,4,4,3,4,4,4,4,4,4,4,4,4,4,4,4,2,2
South Africa,4,4,4,4,1,1,1,2,4,4,2,1,2,4,1,4,4,1,1,4,3,4,1,1,4,4,4,4,2,4,4,3,4,4,1,4,4,3,4,4,1,2,4,4,4,4,4,2,1,1,1,2,1,4,4,4,1,2,1,4,4,1,4,1,4,3,4,1,1,2,2,1,1,1,4,4,2,3,3,4,1,1,4,1,4,3,4,1,4,4,1,4,2,2,4,4,1,4,4,4,4,4,2,1,1,3,4,4,3,3,1,4,1,4,4,4,4,4,1,2,1,4,3,4,4,1,4,4,4,4,2,2,3,1,2,1,1,1,4,4,1,4,1,2,1,1,1,3,4,2,4,3,4,3,1,3,4,4,4,3,0,2,4,2,4,2,4,4,4,2,1,1,3,1,4,1,1,2,4,3,2,2,4,4,4,1,4,1,4,1,4,4,1,1
South Sudan,4,4,4,4,4,2,4,4,4,4,4,4,4,4,4,4,4,4,1,4,3,4,1,4,4,4,4,1,2,4,4,3,4,4,4,4,4,3,4,4,4,4,4,4,4,4,4,2,1,4,1,3,4,4,4,4,4,2,4,4,4,2,4,4,4,3,4,4,4,4,2,4,1,4,4,4,4,4,2,4,4,4,4,4,4,4,4,1,4,4,4,4,2,2,4,4,2,4,4,4,4,4,2,4,1,3,4,4,4,3,4,4,1,4,4,4,4,4,3,4,4,4,3,4,4,4,4,4,4,4,4,2,3,4,4,4,4,4,4,4,2,4,4,1,1,4,1,1,4,2,4,4,4,1,1,4,4,4,4,3,4,0,4,2,4,2,4,4,4,4,1,4,3,3,4,4,4,4,4,3,1,4,4,4,4,4,4,4,4,4,4,4,2,2
Spain,4,1,4,1,2,1,1,1,3,1,2,1,2,3,1,1,1,1,2,4,1,1,1,1,1,1,3,3,2,4,2,1,4,4,1,4,1,3,4,4,1,2,1,4,1,1,1,2,1,1,1,2,1,4,4,1,1,2,1,1,1,2,1,1,1,4,1,1,1,2,2,1,1,1,1,1,2,3,2,3,1,1,1,1,1,3,1,2,1,4,2,2,1,2,1,3,1,4,4,1,1,1,2,2,1,3,4,1,1,3,1,1,1,1,1,3,1,1,3,2,1,4,3,1,2,1,4,4,1,1,1,2,1,1,2,1,1,1,1,1,1,1,4,2,1,1,1,1,1,1,2,1,1,1,1,3,1,1,1,3,1,2,0,2,4,2,1,1,4,1,2,1,1,3,1,1,1,1,4,1,2,1,1,1,1,1,1,1,1,1,1,4,2,2
Sri Lanka,4,4,4,4,4,2,4,4,4,4,2,1,4,4,1,4,4,4,2,4,3,4,4,4,4,4,4,3,2,4,4,3,4,4,4,4,4,3,4,4,4,2,4,4,4,4,4,2,1,4,4,4,4,4,4,4,4,2,4,4,4,2,1,4,4,4,4,1,4,2,2,4,1,4,4,4,4,4,4,4,4,4,4,4,4,4,2,2,4,4,4,4,2,2,4,4,1,4,4,4,4,4,2,2,2,3,4,4,4,3,3,4,1,4,4,4,4,4,4,2,4,4,3,4,4,4,4,4,4,4,4,2,3,4,4,4,4,4,4,4,2,4,4,2,1,4,1,1,4,2,4,3,4,1,1,3,4,4,4,3,4,2,4,0,4,2,4,4,4,1,4,4,3,3,4,4,4,4,4,3,2,4,4,4,4,4,2,1,4,1,3,4,2,2
Sudan,4,4,4,4,4,2,4,4,4,4,4,4,4,3,4,4,4,4,1,4,4,4,4,4,4,4,4,4,4,4,4,3,4,4,4,4,4,3,4,4,4,2,4,4,4,4,4,2,1,4,1,3,4,4,3,4,4,2,4,4,4,2,4,2,4,1,4,4,4,4,2,4,1,4,4,4,4,4,3,4,4,4,4,4,4,4,4,2,4,4,4,4,2,2,4,4,2,4,5,4,4,4,2,4,1,3,4,4,4,3,4,4,1,4,4,4,4,4,3,4,4,4,3,4,4,4,4,4,4,4,4,4,3,4,4,4,4,4,4,4,2,4,4,2,2,3,1,1,4,2,4,4,4,1,4,4,4,4,4,3,4,2,4,4,0,2,4,4,4,4,2,4,3,3,4,4,4,4,4,3,2,4,4,4,4,4,4,4,4,4,4,4,2,2
Suriname,4,4,4,4,4,1,1,2,4,4,4,1,2,4,1,4,4,1,2,4,3,4,4,1,4,4,4,4,2,4,4,3,4,4,4,1,1,3,4,4,1,2,4,4,4,4,4,2,1,1,1,3,4,4,4,4,4,2,4,4,4,2,1,2,4,4,4,1,4,4,3,1,1,4,4,4,2,3,3,4,4,1,4,1,1,3,4,2,4,4,1,4,2,4,4,4,2,4,4,4,4,4,2,3,1,3,4,4,4,3,1,4,1,4,4,4,4,4,3,4,4,4,3,4,4,3,4,4,4,4,2,2,3,4,4,4,1,1,4,4,1,4,1,2,1,1,1,3,4,2,4,3,1,3,1,4,4,4,4,3,4,2,4,2,4,0,4,4,4,2,2,4,3,3,4,1,4,2,4,3,2,2,4,4,4,4,2,4,4,4,4,1,2,3
Sweden,4,1,4,1,2,1,1,1,3,1,2,1,2,3,1,1,1,1,2,4,1,1,1,1,1,1,3,3,2,4,1,1,4,4,1,4,1,3,4,4,1,2,1,4,1,1,1,2,1,1,1,2,1,4,4,1,1,2,1,1,1,2,1,1,1,4,1,1,1,2,2,1,1,1,1,1,2,3,2,3,1,1,1,1,4,3,1,2,1,4,2,2,1,2,1,3,1,4,4,1,1,1,2,2,1,3,4,1,1,3,1,1,1,1,1,4,1,1,3,2,1,4,3,1,2,1,4,4,1,1,1,2,1,1,2,1,1,4,1,1,1,1,2,2,1,1,1,1,1,1,2,1,1,1,1,3,1,1,1,3,1,2,1,2,4,2,0,1,4,1,2,1,1,3,1,1,1,1,4,1,2,1,1,1,1,1,1,1,1,1,1,4,2,2
Switzerland,4,1,4,1,2,1,1,1,3,1,2,1,2,3,1,1,1,1,2,4,1,1,1,1,1,1,3,4,2,4,1,1,4,4,1,4,1,3,4,4,1,2,1,4,1,1,1,2,1,1,1,2,1,4,4,1,1,2,1,1,1,2,4,1,1,4,1,1,1,2,2,1,1,1,1,1,2,3,2,3,1,1,1,1,1,3,1,2,1,4,1,2,1,1,1,3,1,4,4,1,1,1,2,2,1,3,4,1,3,3,1,1,1,1,1,4,1,1,3,2,1,4,3,1,2,1,4,4,1,1,2,2,1,1,2,1,1,1,1,1,1,1,2,2,1,1,1,1,1,1,2,3,1,1,1,4,1,1,1,3,1,2,1,2,4,2,1,0,4,1,2,1,1,3,1,1,1,1,4,1,2,1,1,1,1,1,1,1,1,1,2,4,2,2
Syria,4,4,4,4,4,2,4,4,4,4,4,4,2,4,4,4,4,4,2,4,4,4,4,4,4,4,4,4,4,4,4,3,4,4,4,4,4,3,4,4,4,2,4,4,4,4,4,2,1,4,4,4,4,4,4,4,4,4,4,4,4,2,4,4,4,4,4,4,4,2,2,4,4,4,4,4,4,4,1,4,4,4,4,4,4,4,4,4,4,4,4,4,2,4,4,4,2,4,5,4,4,4,2,2,1,3,5,4,4,4,4,4,1,4,4,4,4,4,3,4,4,4,4,4,4,4,4,2,4,4,4,4,3,4,4,4,4,4,4,4,2,4,4,2,2,4,4,1,4,2,4,3,4,1,4,4,4,4,4,3,4,2,4,4,4,2,4,4,0,4,4,4,3,3,4,4,4,4,4,3,2,4,4,4,4,4,4,4,4,4,4,3,2,2
Tajikistan,4,4,4,4,4,1,4,1,4,4,1,4,4,3,1,1,4,4,2,4,3,4,4,4,4,4,4,4,2,4,4,3,4,4,4,4,4,3,4,4,4,2,4,4,4,4,4,2,1,4,1,4,4,4,4,4,4,2,4,4,4,2,4,1,4,4,4,3,4,2,2,4,1,4,4,4,2,4,3,4,4,4,4,3,4,3,1,2,4,4,4,4,1,2,4,3,2,4,4,4,4,4,2,2,1,3,4,4,3,3,3,4,1,1,4,4,4,4,3,4,1,4,3,4,4,3,4,4,4,4,4,2,3,4,4,4,4,1,4,4,2,4,1,2,2,4,1,3,4,2,4,4,4,3,2,4,4,4,4,3,4,2,4,2,4,2,4,4,4,0,4,4,3,3,4,4,4,1,4,3,2,1,4,4,4,4,1,4,4,4,4,4,2,2
Tanzania,4,4,4,4,4,1,4,4,4,4,4,1,4,1,1,4,4,1,1,4,3,4,1,4,4,4,4,1,2,4,4,3,4,4,4,4,4,3,4,3,4,4,4,4,4,4,4,2,1,4,1,4,4,4,4,4,1,2,1,4,4,2,1,2,4,1,4,1,4,1,2,4,1,4,4,4,2,4,3,4,4,4,4,1,4,4,2,1,4,4,4,4,2,2,4,4,1,4,4,4,4,4,2,1,1,3,4,4,4,3,1,4,1,4,4,4,4,4,1,4,1,4,3,4,4,3,4,4,4,4,4,2,3,4,4,4,4,1,4,4,2,4,4,1,1,1,1,3,4,2,4,3,4,3,1,3,4,4,4,3,1,1,4,2,4,2,4,4,4,4,0,4,3,3,4,4,4,4,4,3,1,4,4,4,4,4,4,1,4,4,4,4,1,1
Thailand,4,4,4,4,4,2,1,2,4,4,2,4,3,4,1,4,4,4,2,4,3,4,4,1,1,4,4,4,1,4,4,3,4,4,1,4,4,3,4,4,4,2,4,4,4,4,4,2,1,1,1,4,4,4,4,4,4,2,1,4,4,2,4,1,4,4,4,4,4,2,3,4,1,4,4,4,2,1,3,4,4,4,4,4,1,3,1,2,4,4,1,4,1,1,4,4,2,4,4,4,4,4,2,2,1,1,4,4,3,3,3,4,1,2,4,1,4,2,3,1,3,3,3,4,4,3,4,4,4,4,1,2,3,1,2,4,1,1,4,4,1,4,1,2,2,3,1,1,4,2,4,3,4,1,1,3,4,4,1,3,1,2,4,2,4,2,4,4,4,1,2,0,3,3,4,4,4,1,4,3,2,2,4,4,4,4,2,1,4,4,1,4,2,2
Timor-Leste,4,4,4,1,2,2,4,2,4,1,4,4,4,4,1,4,1,4,2,4,4,1,4,4,4,1,4,4,2,4,4,1,4,4,4,4,4,3,4,4,4,2,1,4,1,1,1,2,1,4,1,4,4,4,4,1,1,2,4,1,1,2,1,2,1,4,1,4,4,2,2,4,1,4,1,1,2,3,3,4,4,4,1,4,4,3,4,2,4,4,4,4,2,2,1,4,2,4,4,1,1,1,2,2,1,3,4,1,4,3,4,4,1,1,1,4,1,4,3,4,4,4,3,1,4,4,4,4,4,1,4,2,3,4,4,4,4,4,1,1,2,1,4,2,4,3,1,1,1,1,4,4,4,1,1,3,1,1,4,3,4,2,1,2,4,2,1,1,4,4,2,4,0,3,4,4,4,2,4,3,2,2,4,1,4,4,4,4,1,4,2,4,2,2
Togo,4,4,4,4,4,2,4,4,4,4,4,4,4,3,4,4,4,4,1,4,3,4,4,4,4,4,1,4,2,4,4,1,4,1,4,4,4,3,3,4,4,1,4,4,4,4,4,2,1,4,1,4,4,4,4,4,4,2,4,4,4,2,1,2,4,1,4,4,4,1,1,3,1,4,4,4,4,4,3,4,4,4,4,4,4,4,4,2,4,4,4,4,2,2,4,4,2,1,4,4,4,4,2,4,1,3,1,4,4,3,3,4,1,4,4,4,4,4,3,4,3,4,3,4,4,3,1,1,4,4,4,2,3,4,4,4,4,1,4,4,2,4,4,2,2,3,1,3,4,2,4,1,4,3,1,1,4,4,4,3,4,2,4,2,4,2,4,4,4,4,2,4,3,0,4,4,4,4,4,3,3,4,4,4,4,4,4,4,4,4,4,4,2,2
Tonga,4,4,4,1,4,2,4,3,4,1,4,1,4,1,1,4,1,1,2,4,3,1,1,4,4,1,4,4,3,4,4,3,4,4,1,1,4,3,4,4,1,4,1,4,1,1,1,2,1,1,1,3,4,4,4,1,1,2,1,1,1,4,1,2,1,4,1,1,4,4,3,4,1,4,1,1,2,4,3,4,1,1,1,1,4,3,4,1,1,4,1,4,2,4,1,4,1,4,4,1,1,1,2,3,1,3,4,1,3,3,1,4,1,1,1,4,4,4,3,2,4,3,3,1,4,3,4,4,4,1,4,1,3,1,2,4,1,4,1,1,2,1,4,2,1,1,1,1,1,2,4,4,4,3,1,3,1,1,3,3,4,2,1,3,4,2,1,1,4,4,1,4,3,3,0,1,4,4,4,3,1,4,4,1,4,4,2,1,1,4,4,4,1,1
Trinidad and Tobago,4,1,4,1,4,1,1,2,2,1,2,1,2,3,1,4,1,1,2,4,3,1,1,1,4,1,4,4,3,4,4,3,4,4,1,4,1,3,4,4,1,2,1,4,1,1,1,2,1,1,1,3,1,4,4,1,1,2,1,1,1,2,1,2,1,1,1,1,1,4,3,1,1,1,1,1,2,4,3,4,1,1,1,1,4,3,4,1,1,4,1,4,2,2,1,4,1,4,4,1,1,1,2,1,1,3,4,1,4,3,1,1,1,1,1,4,1,4,3,4,4,4,3,1,4,1,4,4,4,1,4,1,3,1,4,4,1,1,1,1,2,1,4,2,1,1,1,3,1,2,4,3,1,3,1,3,1,1,3,3,1,2,1,2,4,1,1,1,4,2,1,4,3,3,4,0,4,1,4,3,3,2,4,1,4,1,1,1,1,1,4,4,1,1
Tunisia,4,4,1,4,4,2,4,2,4,4,4,4,2,3,1,4,4,1,1,4,3,4,4,1,4,4,3,3,2,4,4,3,4,4,4,4,4,3,4,4,4,1,4,4,4,4,4,2,1,4,1,4,4,1,4,4,4,2,1,4,4,1,1,4,4,3,4,4,4,1,2,4,1,4,4,4,4,3,3,4,4,4,4,4,4,1,4,2,1,4,1,4,2,2,4,3,2,4,1,4,4,4,2,4,1,3,1,4,4,1,1,4,1,4,4,4,4,1,3,4,3,4,3,4,4,3,1,3,4,4,1,2,3,4,4,4,4,1,4,4,2,4,4,2,2,4,1,1,4,2,4,1,4,1,4,2,4,4,4,3,1,2,4,2,4,2,4,4,4,2,2,4,3,3,4,4,0,1,4,3,2,4,4,4,4,4,2,1,4,4,4,4,2,2
Turkey,4,1,4,1,4,1,1,2,4,4,1,1,2,3,1,1,4,1,2,4,1,1,1,1,1,4,4,3,2,4,4,3,4,4,1,4,1,3,4,4,1,2,4,4,4,4,4,2,1,1,1,4,1,1,4,4,1,2,1,4,4,2,4,1,4,4,4,4,1,2,2,4,1,1,4,4,4,3,1,4,4,4,4,1,1,1,1,2,4,4,2,2,1,2,4,3,2,4,4,4,4,4,2,2,1,3,4,4,3,3,1,2,1,1,4,1,1,1,3,2,3,4,3,4,4,1,4,4,1,4,1,2,3,1,4,1,1,1,4,4,1,4,4,2,1,1,1,3,4,1,4,3,1,3,1,3,4,4,4,3,1,2,4,2,3,2,4,4,4,1,2,1,3,3,3,1,1,0,4,3,2,1,4,4,4,1,1,1,4,1,4,4,2,2
Turkmenistan,4,4,4,4,4,1,4,2,4,4,2,4,4,3,1,4,4,4,2,4,3,4,4,4,4,4,4,4,2,4,4,3,4,4,4,4,4,3,4,4,4,2,4,4,4,4,4,2,1,4,1,4,4,4,4,4,4,2,4,4,4,2,4,1,4,4,4,3,4,2,3,4,1,4,4,4,4,4,3,4,4,4,4,3,4,3,4,2,4,4,4,4,2,2,4,3,2,4,4,4,4,4,2,2,1,3,4,4,3,3,3,4,1,4,4,4,4,4,3,4,1,4,3,4,4,3,4,4,4,4,1,2,3,4,4,4,4,1,4,4,2,4,4,2,4,4,1,3,4,2,4,4,4,3,2,4,4,4,4,3,4,2,4,2,4,2,4,4,4,3,4,4,3,3,4,4,4,4,0,3,2,4,4,4,4,4,4,4,4,4,4,4,2,2
Tuvalu,4,4,4,1,4,1,4,3,4,1,4,1,4,3,1,4,1,1,2,4,3,1,1,4,4,1,4,4,3,4,4,3,4,4,4,4,4,3,4,4,1,4,1,4,1,1,1,2,1,1,1,3,1,4,4,1,1,2,1,1,1,4,1,2,1,4,1,1,1,4,3,4,1,1,1,1,2,4,3,4,1,4,1,1,4,3,4,1,1,4,1,4,2,2,1,4,1,4,4,1,1,1,2,1,1,3,4,1,3,3,1,4,1,1,1,4,4,4,3,2,4,3,3,1,4,1,4,4,4,1,4,2,3,1,2,4,1,1,1,1,2,1,4,2,1,1,1,1,1,2,4,3,4,3,1,3,1,1,3,3,4,2,1,3,4,2,1,1,4,4,1,4,3,3,3,1,4,4,4,0,3,2,4,1,4,4,4,1,1,4,4,4,1,1
Uganda,4,4,4,4,4,1,4,4,4,4,4,1,4,3,1,4,4,1,1,4,3,4,1,4,4,4,4,1,2,4,4,3,4,4,4,4,4,3,4,4,4,4,4,4,4,4,4,2,1,4,1,4,4,4,1,4,1,2,1,4,4,2,1,4,4,1,4,1,4,4,2,4,1,4,4,4,2,4,3,4,4,4,4,1,4,4,4,1,3,4,4,4,2,2,4,4,1,4,4,4,4,4,2,1,1,3,4,4,4,3,1,4,1,4,4,4,4,4,1,2,3,4,3,4,4,3,4,4,4,4,4,2,3,4,4,4,4,1,4,4,2,4,4,1,1,3,1,3,4,2,4,3,4,3,1,3,4,4,4,3,2,1,4,4,4,2,4,4,4,4,1,4,3,3,4,4,4,4,4,3,0,4,2,4,4,4,4,1,4,4,4,4,1,1
Ukraine,4,1,4,1,4,1,1,1,4,1,1,4,2,3,1,1,1,4,2,4,3,1,4,1,1,1,4,3,2,4,4,3,4,4,1,4,1,3,4,4,1,2,1,4,1,1,1,2,1,1,1,2,1,4,4,1,1,2,1,1,1,2,4,1,1,4,1,1,1,2,2,4,1,1,1,1,2,3,3,4,1,1,1,1,4,3,1,2,4,4,4,2,1,2,1,3,2,4,4,1,1,1,2,2,1,3,4,1,1,3,1,2,1,1,1,1,1,4,3,2,1,4,3,1,4,1,4,4,1,1,1,2,3,1,4,1,1,4,1,1,1,1,1,2,1,4,1,1,1,2,2,3,1,3,2,4,1,1,4,3,4,2,1,2,4,2,1,1,4,1,2,1,3,3,3,4,1,1,4,3,2,0,1,4,4,1,1,1,1,4,4,4,2,2
United Arab Emirates,4,1,4,1,2,1,1,1,4,1,2,1,1,3,1,1,1,4,2,4,3,1,1,1,1,1,1,3,2,4,1,3,3,1,1,1,1,3,3,3,1,2,1,1,1,1,1,2,1,1,1,1,1,3,4,1,1,2,1,1,1,2,1,1,1,4,1,1,1,2,2,3,1,1,1,1,2,3,2,3,1,1,1,4,1,1,1,2,4,4,2,1,1,2,1,1,2,4,4,1,1,1,2,2,1,3,1,1,3,3,1,1,1,1,1,2,1,1,3,4,3,1,3,1,2,1,3,2,1,1,1,2,3,1,4,1,1,1,1,1,1,1,1,2,1,1,1,1,1,1,1,3,1,1,1,3,1,1,1,3,1,2,1,2,1,2,1,1,4,2,2,1,3,3,1,4,1,2,4,3,2,1,0,2,4,1,1,1,1,4,2,3,2,2
United Kingdom,1,1,4,1,2,1,1,1,3,1,2,1,2,3,1,4,1,1,2,4,1,1,1,1,1,1,3,3,2,4,2,1,4,4,1,1,1,3,4,4,1,2,1,4,1,1,1,2,1,1,1,2,1,4,4,1,1,2,1,1,1,2,1,1,1,4,1,1,1,2,2,1,1,1,1,1,4,3,4,3,1,1,1,1,1,3,1,2,1,4,2,2,1,2,1,3,1,4,4,1,1,1,2,2,1,3,4,1,1,3,1,1,1,1,1,2,1,1,3,2,1,4,3,1,2,1,4,4,1,1,2,2,3,1,2,1,1,1,1,1,1,1,4,2,1,1,1,1,1,1,2,1,1,1,1,3,1,1,1,3,1,4,1,2,4,2,1,1,4,2,2,1,3,3,3,1,1,1,4,3,2,1,3,0,1,1,1,1,1,1,1,4,2,2
United States,1,1,1,1,2,1,1,1,2,1,2,1,2,3,1,4,1,1,2,4,3,1,1,1,1,1,3,3,2,4,1,1,1,4,1,4,1,3,4,4,1,2,1,5,1,1,1,2,1,1,1,2,1,1,4,1,1,2,1,1,1,2,3,1,1,4,1,1,1,2,2,1,1,1,1,1,2,3,4,3,1,1,1,1,1,3,1,2,1,5,2,2,1,2,1,3,1,4,4,1,1,1,2,2,1,3,4,1,1,3,1,1,1,1,1,1,1,1,3,2,1,4,3,1,2,1,4,4,1,1,1,2,1,1,2,1,1,1,1,1,1,1,4,2,1,1,1,1,1,1,2,1,1,1,1,3,1,1,1,3,1,2,1,2,4,2,1,1,5,1,2,1,3,3,3,1,1,2,4,3,2,1,1,1,0,1,2,1,1,4,2,4,2,2
Uruguay,4,1,4,1,2,2,1,1,4,1,4,1,2,3,1,1,1,1,2,4,1,1,1,1,4,1,4,3,2,4,4,3,4,4,1,4,1,3,4,4,1,2,1,4,1,1,1,2,1,1,1,3,1,4,4,1,1,2,1,1,1,2,4,1,1,4,1,1,1,4,2,1,1,1,1,1,2,4,2,4,1,1,1,1,1,3,4,2,4,4,2,4,2,2,1,3,2,4,4,1,1,1,2,2,1,3,4,1,3,3,1,1,1,1,1,1,1,4,3,2,4,4,3,1,2,1,4,4,1,1,1,2,3,1,2,1,1,1,1,1,1,1,1,2,1,1,1,1,1,2,4,4,1,1,1,4,1,1,4,3,1,2,1,2,4,2,1,1,4,2,2,4,3,3,4,1,4,1,4,3,2,1,1,1,4,0,2,1,1,1,2,4,2,2
Uzbekistan,4,4,4,4,4,1,4,1,4,4,1,4,4,4,1,1,4,4,4,4,3,4,4,4,4,4,4,4,3,4,4,3,4,4,4,4,4,3,4,4,4,4,4,4,4,4,4,4,1,4,1,4,4,4,4,4,4,4,4,4,4,4,1,1,4,4,4,3,4,4,3,4,1,4,4,4,4,3,2,4,4,4,4,3,4,3,1,2,4,4,4,4,1,3,4,3,4,4,4,4,4,4,3,4,1,3,4,4,4,3,3,4,1,1,4,1,4,4,3,4,1,4,3,4,4,3,4,4,4,4,4,4,3,4,4,4,4,1,4,4,4,4,1,3,4,4,1,3,4,4,4,3,4,3,4,4,4,4,4,3,4,4,4,1,4,4,4,4,3,1,4,3,3,3,4,4,4,1,4,3,3,1,4,4,4,4,0,4,4,4,4,4,4,3
Vanuatu,4,4,4,4,4,1,4,3,4,4,4,1,4,4,1,1,4,1,2,4,3,1,1,4,4,4,4,4,3,4,4,3,4,4,4,4,4,3,4,4,1,4,4,4,4,4,4,2,1,1,1,3,1,4,4,4,1,2,1,4,4,4,1,2,4,4,4,1,1,4,3,4,1,1,4,4,2,4,3,4,1,1,4,1,4,3,4,1,1,4,4,4,2,2,4,4,1,4,4,4,4,4,2,3,1,3,4,4,3,3,1,4,1,1,4,4,1,4,3,2,4,3,3,4,4,1,4,4,4,4,4,2,3,1,2,4,1,1,4,4,2,4,1,2,1,1,1,3,4,2,4,3,4,3,1,3,4,4,3,3,4,2,4,3,4,2,4,4,4,4,1,3,3,3,3,1,4,4,4,3,1,2,2,1,4,4,2,0,4,4,2,4,1,1
Vatican City,4,1,4,1,2,1,1,2,3,1,2,1,3,3,4,1,1,1,2,4,1,1,1,1,4,1,4,4,2,4,1,1,4,4,1,4,1,3,4,4,1,2,1,4,1,1,1,2,1,1,1,2,1,4,4,1,1,2,1,1,1,2,1,1,1,4,1,1,1,2,2,4,1,1,1,1,2,3,3,4,1,1,1,4,4,3,1,2,4,4,1,2,1,2,1,4,2,4,4,1,1,1,2,2,1,3,4,1,3,3,1,1,1,1,1,4,1,4,3,4,4,4,3,1,2,1,4,4,1,1,2,2,3,1,2,4,1,1,1,1,1,1,2,2,1,4,1,1,1,1,4,2,1,1,1,4,1,1,4,3,4,2,1,2,4,2,1,1,4,3,2,4,3,3,4,4,1,1,4,3,2,1,3,1,4,1,1,1,0,4,4,4,2,2
Venezuela,4,1,4,1,2,1,1,2,4,1,4,1,2,3,1,1,1,4,2,4,1,1,1,1,4,1,3,3,2,4,4,3,4,4,4,4,1,3,4,4,4,2,1,4,1,1,1,2,1,4,4,3,4,4,4,1,4,2,1,1,1,2,4,4,1,4,1,1,4,2,2,4,1,4,1,1,2,4,1,4,4,4,1,1,4,3,4,2,4,4,2,4,2,2,1,3,2,4,4,1,1,1,2,2,1,3,4,1,4,3,3,4,1,1,1,4,1,2,3,2,3,4,3,1,4,4,4,4,1,1,1,2,3,4,4,1,4,1,1,1,1,1,1,2,1,4,1,1,1,2,4,3,4,1,1,4,1,1,4,3,1,2,1,2,4,2,1,1,4,2,2,4,3,3,4,4,4,1,4,3,2,4,4,4,4,1,2,4,1,0,2,4,2,2
Vietnam,1,4,4,4,4,2,4,4,4,4,2,4,4,3,1,4,4,4,2,4,3,4,4,4,1,4,4,4,1,4,4,3,4,4,1,4,4,3,4,4,4,2,4,4,4,4,4,2,1,4,4,4,4,4,4,4,4,2,4,4,4,2,1,2,4,4,4,4,4,2,3,4,4,4,4,4,2,1,3,4,4,4,4,4,4,4,1,2,4,4,4,4,1,1,4,4,2,4,4,4,4,4,2,2,1,3,4,4,3,3,3,4,1,4,4,4,4,4,3,1,3,4,3,4,4,4,4,4,4,4,1,2,3,1,2,4,4,1,4,4,2,4,4,2,2,3,1,1,4,2,4,3,4,1,1,3,4,4,4,3,4,2,4,2,4,2,4,4,4,2,2,1,3,3,4,4,4,2,4,3,2,4,4,4,4,4,2,4,4,4,0,4,2,2
Yemen,4,2,4,4,4,4,4,4,4,4,4,2,4,4,4,4,4,4,2,4,4,4,4,4,4,4,4,4,2,4,4,3,4,4,4,4,4,3,4,4,4,2,4,4,4,4,4,3,1,4,1,4,4,4,4,4,4,2,4,4,4,4,4,4,4,4,4,4,4,2,2,4,4,4,4,4,4,4,4,4,4,4,4,4,4,4,4,2,4,4,4,4,2,2,4,4,2,4,5,4,4,4,2,2,1,3,4,4,4,3,4,4,1,4,4,4,4,4,3,4,4,4,3,4,4,4,4,4,4,4,4,4,3,4,4,4,4,4,4,4,2,4,4,2,2,4,1,1,4,2,4,4,4,1,4,4,4,4,4,3,4,2,4,2,1,2,4,4,4,2,4,4,3,3,4,4,4,2,4,3,2,4,4,4,4,4,4,4,4,4,4,0,2,2
Zambia,4,4,4,4,1,1,4,4,4,4,4,1,4,1,1,4,4,1,1,4,3,4,1,4,4,4,4,4,2,4,4,3,4,4,4,4,4,3,4,4,4,4,4,4,4,4,4,2,1,4,1,4,4,4,4,4,1,2,1,4,4,2,1,2,4,3,4,1,4,4,2,4,1,4,4,4,2,4,3,4,4,4,4,1,4,4,4,1,1,4,4,4,2,4,4,4,1,4,4,4,4,4,2,1,1,3,4,4,4,3,1,4,1,4,4,4,4,4,1,4,1,4,3,4,4,3,4,4,4,4,4,2,3,4,2,4,4,1,4,4,2,4,4,2,1,1,1,1,4,2,4,3,4,1,1,3,4,4,4,3,1,2,4,2,4,2,4,4,4,4,1,4,3,3,4,1,4,4,4,3,1,4,4,4,4,4,4,1,4,4,4,4,0,1
Zimbabwe,4,4,4,4,1,2,4,4,4,4,4,1,4,3,1,4,4,1,1,4,3,4,1,4,4,4,4,4,2,4,4,3,4,4,4,4,4,3,4,1,4,4,4,4,4,4,4,2,1,4,1,4,4,4,4,4,1,2,1,4,4,2,1,2,4,1,4,4,4,4,2,4,1,4,4,4,2,4,3,4,4,4,4,4,4,3,4,1,1,4,4,4,2,4,4,4,1,4,4,4,4,4,2,1,1,3,4,4,4,3,1,4,1,4,4,4,4,4,1,4,1,4,4,4,4,3,4,4,4,4,4,2,3,4,4,4,4,1,4,4,2,4,4,2,1,3,1,3,4,2,4,3,4,3,1,4,4,4,4,3,1,2,4,2,4,2,4,4,4,4,1,4,3,3,4,1,4,4,4,3,1,4,4,4,4,4,4,1,4,4,4,4,1,0
,,,,,,,,,,,,,,,,,,,,,,,,,,,,,,,,,,,,,,,,,,,,,,,,,,,,,,,,,,,,,,,,,,,,,,,,,,,,,,,,,,,,,,,,,,,,,,,,,,,,,,,,,,,,,,,,,,,,,,,,,,,,,,,,,,,,,,,,,,,,,,,,,,,,,,,,,,,,,,,,,,,,,,,,,,,,,,,,,,,,,,,,,,,,,,,,,,
,,,,,,,,,,,,,,,,,,,,,,,,,,,,,,,,,,,,,,,,,,,,,,,,,,,,,,,,,,,,,,,,,,,,,,,,,,,,,,,,,,,,,,,,,,,,,,,,,,,,,,,,,,,,,,,,,,,,,,,,,,,,,,,,,,,,,,,,,,,,,,,,,,,,,,,,,,,,,,,,,,,,,,,,,,,,,,,,,,,,,,,,,,,,,,,,,,
,,,,,,,,,,,,,,,,,,,,,,,,,,,,,,,,,,,,,,,,,,,,,,,,,,,,,,,,,,,,,,,,,,,,,,,,,,,,,,,,,,,,,,,,,,,,,,,,,,,,,,,,,,,,,,,,,,,,,,,,,,,,,,,,,,,,,,,,,,,,,,,,,,,,,,,,,,,,,,,,,,,,,,,,,,,,,,,,,,,,,,,,,,,,,,,,,,
Same country,0,,,,,,,,,,,,,,,,,,,,,,,,,,,,,,,,,,,,,,,,,,,,,,,,,,,,,,,,,,,,,,,,,,,,,,,,,,,,,,,,,,,,,,,,,,,,,,,,,,,,,,,,,,,,,,,,,,,,,,,,,,,,,,,,,,,,,,,,,,,,,,,,,,,,,,,,,,,,,,,,,,,,,,,,,,,,,,,,,,,,,,,,,,,,,,,,,
Visa not required,1,,,,,,,,,,,,,,,,,,,,,,,,,,,,,,,,,,,,,,,,,,,,,,,,,,,,,,,,,,,,,,,,,,,,,,,,,,,,,,,,,,,,,,,,,,,,,,,,,,,,,,,,,,,,,,,,,,,,,,,,,,,,,,,,,,,,,,,,,,,,,,,,,,,,,,,,,,,,,,,,,,,,,,,,,,,,,,,,,,,,,,,,,,,,,,,,,
eVisa,2,,,,,,,,,,,,,,,,,,,,,,,,,,,,,,,,,,,,,,,,,,,,,,,,,,,,,,,,,,,,,,,,,,,,,,,,,,,,,,,,,,,,,,,,,,,,,,,,,,,,,,,,,,,,,,,,,,,,,,,,,,,,,,,,,,,,,,,,,,,,,,,,,,,,,,,,,,,,,,,,,,,,,,,,,,,,,,,,,,,,,,,,,,,,,,,,,
Visa on arrival,3,,,,,,,,,,,,,,,,,,,,,,,,,,,,,,,,,,,,,,,,,,,,,,,,,,,,,,,,,,,,,,,,,,,,,,,,,,,,,,,,,,,,,,,,,,,,,,,,,,,,,,,,,,,,,,,,,,,,,,,,,,,,,,,,,,,,,,,,,,,,,,,,,,,,,,,,,,,,,,,,,,,,,,,,,,,,,,,,,,,,,,,,,,,,,,,,,
Visa required,4,,,,,,,,,,,,,,,,,,,,,,,,,,,,,,,,,,,,,,,,,,,,,,,,,,,,,,,,,,,,,,,,,,,,,,,,,,,,,,,,,,,,,,,,,,,,,,,,,,,,,,,,,,,,,,,,,,,,,,,,,,,,,,,,,,,,,,,,,,,,,,,,,,,,,,,,,,,,,,,,,,,,,,,,,,,,,,,,,,,,,,,,,,,,,,,,,
Restricted Access,5,,,,,,,,,,,,,,,,,,,,,,,,,,,,,,,,,,,,,,,,,,,,,,,,,,,,,,,,,,,,,,,,,,,,,,,,,,,,,,,,,,,,,,,,,,,,,,,,,,,,,,,,,,,,,,,,,,,,,,,,,,,,,,,,,,,,,,,,,,,,,,,,,,,,,,,,,,,,,,,,,,,,,,,,,,,,,,,,,,,,,,,,,,,,,,,,,
