ID,Afghanistan,Albania,Algeria,Andorra,Angola,Antigua and Barbuda,Argentina,Armenia,Australia,Austria,Azerbaijan,Bahamas,Bahrain,Bangladesh,Barbados,Belarus,Belgium,Belize,Benin,Bhutan,Bolivia,Bosnia and Herzegovina,Botswana,Brazil,Brunei,Bulgaria,Burkina Faso,Burundi,Cambodia,Cameroon,Canada,Cabo Verde,Central African Republic,Chad,Chile,China,Colombia,Comoros,Republic of the Congo,Democratic Republic of the Congo,Costa Rica,Cote d'Ivoire,Croatia,Cuba,Cyprus,Czech Republic,Denmark,Djibouti,Dominica,Dominican Republic,Ecuador,Egypt,El Salvador,Equatorial Guinea,Eritrea,Estonia,Eswatini,Ethiopia,Fiji,Finland,France,Gabon,Gambia,Georgia,Germany,Ghana,Greece,Grenada,Guatemala,Guinea,Guinea-Bissau,Guyana,Haiti,Honduras,Hungary,Iceland,India,Indonesia,Iran,Iraq,Ireland,Israel,Italy,Jamaica,Japan,Jordan,Kazakhstan,Kenya,Kiribati,North Korea,South Korea,Kuwait,Kyrgyzstan,Laos,Latvia,Lebanon,Lesotho,Liberia,Libya,Liechtenstein,Lithuania,Luxembourg,Madagascar,Malawi,Malaysia,Maldives,Mali,Malta,Marshall Islands,Mauritania,Mauritius,Mexico,Micronesia,Moldova,Monaco,Mongolia,Montenegro,Morocco,Mozambique,Myanmar,Namibia,Nauru,Nepal,Netherlands,New Zealand,Nicaragua,Niger,Nigeria,North Macedonia,Norway,Oman,Pakistan,Palau,Panama,Papua New Guinea,Paraguay,Peru,Philippines,Poland,Portugal,Qatar,Romania,Russia,Rwanda,Saint Kitts and Nevis,Saint Lucia,Saint Vincent and the Grenadines,Samoa,San Marino,Sao Tome and Principe,Saudi Arabia,Senegal,Serbia,Seychelles,Singapore,Sierra Leone,Slovakia,Slovenia,Solomon Islands,Somalia,South Africa,South Sudan,Spain,Sri Lanka,Sudan,Suriname,Sweden,Switzerland,Syria,Tajikistan,Tanzania,Thailand,Timor-Leste,Togo,Tonga,Trinidad and Tobago,Tunisia,Turkey,Turkmenistan,Tuvalu,Uganda,Ukraine,United Arab Emirates,United Kingdom,United States,Uruguay,Uzbekistan,Vanuatu,Vatican City,Venezuela,Vietnam,Yemen,Zambia,Zimbabwe,Country of Citizenship
Afghanistan,0,4,4,4,4,4,4,4,4,4,4,4,4,4,4,4,4,4,4,4,4,4,4,4,4,4,4,4,4,4,4,4,4,4,4,4,4,4,4,4,4,4,4,4,4,4,4,4,1,4,4,4,4,4,4,4,4,4,4,4,4,4,4,4,4,4,4,4,4,4,4,4,4,4,4,4,4,4,4,4,4,4,4,4,4,4,4,4,4,4,5,4,4,4,4,4,4,4,4,4,4,4,4,4,4,4,4,4,4,4,4,4,4,4,4,4,4,4,4,4,4,4,4,4,4,4,4,4,4,4,4,4,4,4,4,4,4,4,4,1,4,4,4,4,4,4,4,4,4,4,4,4,4,4,4,4,4,4,4,4,4,4,4,4,4,4,4,4,4,4,4,4,4,4,4,4,4,4,4,4,4,4,4,1,1,4,4,4,4,4,1,4,4,4,-1
Albania,4,0,4,1,4,1,1,1,1,1,1,1,4,4,1,1,1,4,4,4,4,1,4,1,1,1,4,4,4,4,1,4,4,4,1,1,1,4,4,4,1,4,1,4,1,1,1,4,4,4,4,4,1,4,4,1,4,4,4,1,1,4,4,1,1,4,1,4,1,4,4,4,4,1,1,1,1,4,4,4,1,1,1,4,1,4,1,4,4,4,1,1,4,4,1,4,4,4,4,1,1,1,4,4,1,4,4,1,4,4,1,1,4,1,1,4,1,4,4,4,4,4,4,1,1,1,4,4,1,1,4,4,4,1,4,1,1,4,1,1,4,1,1,4,1,4,4,4,1,4,1,4,1,1,1,1,1,1,4,4,4,4,1,4,4,4,1,1,4,4,4,4,4,4,4,1,4,1,4,4,4,1,1,1,1,1,4,4,1,1,4,2,4,4,-1
Algeria,4,4,0,4,4,4,4,4,4,4,4,4,4,4,4,4,4,4,4,4,4,4,4,4,4,4,4,4,4,4,4,4,4,4,4,4,4,4,4,4,4,4,4,4,4,4,4,4,4,4,4,4,4,4,4,4,4,4,4,4,4,4,4,4,4,4,4,4,4,4,4,4,4,4,4,4,4,4,4,4,4,5,4,4,4,4,4,4,4,4,4,1,4,4,4,4,4,4,1,4,4,4,4,4,1,4,1,4,4,1,4,4,4,4,4,4,4,1,4,4,4,4,4,4,4,4,4,4,4,4,4,4,4,4,4,4,4,4,4,4,4,4,4,4,4,4,4,4,4,4,4,4,4,1,4,4,4,4,4,4,4,4,4,4,4,4,4,4,4,4,4,4,4,4,4,4,1,4,4,4,4,4,4,4,1,4,4,4,4,4,4,4,4,4,-1
Andorra,4,1,4,0,4,1,1,4,1,1,4,1,4,4,1,4,1,4,4,4,4,1,4,1,1,1,4,4,4,4,1,4,4,4,1,1,1,4,4,4,1,4,1,4,1,1,1,4,1,4,4,4,1,4,4,1,4,4,4,1,1,4,4,1,1,4,1,1,1,4,4,4,4,1,1,1,1,4,4,4,1,1,1,4,1,4,1,4,1,4,1,4,4,4,1,4,4,4,4,1,1,1,4,4,1,4,4,1,1,4,1,1,1,1,1,4,1,1,4,4,4,4,4,1,1,1,4,4,1,1,4,4,1,1,4,1,1,4,1,1,4,1,1,4,1,1,1,1,1,4,4,4,1,1,1,1,1,1,1,4,4,4,1,4,4,4,1,1,4,4,4,4,1,4,1,1,4,1,4,1,4,1,1,1,1,1,4,4,1,1,4,4,4,4,-1
Angola,4,4,2,4,0,4,2,4,2,2,4,4,4,4,4,4,2,4,4,4,4,4,1,2,4,2,4,4,4,4,2,1,4,4,2,2,4,4,4,4,4,4,4,2,2,2,2,4,4,4,4,4,4,2,4,2,2,4,4,2,2,4,4,4,2,4,2,4,4,4,2,4,4,4,2,2,2,2,4,1,2,2,2,4,2,4,4,4,4,4,2,4,4,4,2,4,2,4,4,4,2,2,2,2,4,4,4,2,4,4,1,4,4,4,2,4,4,2,1,4,1,4,4,2,2,4,4,4,4,2,4,4,4,4,4,4,4,4,2,2,4,2,2,1,4,4,4,4,4,4,2,4,4,1,1,1,2,2,4,4,1,4,2,4,4,4,2,2,4,4,4,4,2,4,4,4,4,4,4,4,4,4,2,2,2,2,4,4,2,2,4,4,1,1,-1
Antigua and Barbuda,2,1,2,1,2,0,1,1,1,1,1,1,2,2,1,1,1,1,2,2,2,2,1,1,1,1,2,2,2,2,1,2,2,2,1,1,1,2,2,2,2,2,1,1,1,1,1,2,1,2,2,2,2,2,2,1,1,2,1,1,1,2,2,1,1,2,1,1,2,1,2,1,4,2,1,1,2,1,2,2,1,2,1,1,1,2,1,1,1,2,1,2,1,2,1,2,1,2,2,1,1,1,2,1,1,1,2,1,1,2,1,1,2,1,1,2,2,2,2,2,1,1,2,1,1,2,2,2,2,1,2,2,2,1,1,2,1,2,1,1,2,1,1,2,1,1,1,1,1,4,2,2,2,1,1,1,1,1,1,2,1,2,1,2,2,1,1,1,2,1,1,2,2,2,2,1,2,1,1,1,1,1,1,1,1,2,1,1,1,1,2,4,1,2,-1
Argentina,4,4,4,1,4,4,0,1,1,1,4,2,2,4,1,1,1,2,4,4,1,4,2,1,4,1,4,4,4,4,1,4,4,4,1,4,1,4,4,4,1,4,1,2,1,1,1,4,1,2,1,1,1,4,4,1,4,4,1,1,1,4,4,1,1,4,1,1,1,4,4,1,4,1,1,1,4,4,4,4,1,1,1,1,1,4,1,4,4,4,1,4,4,4,1,4,4,4,4,1,1,1,4,4,1,4,4,1,4,4,2,1,4,4,1,1,1,4,4,4,2,4,4,1,1,1,4,4,1,1,2,4,4,1,4,1,1,4,1,1,1,1,1,4,1,1,1,4,1,4,4,4,1,4,1,1,1,1,4,4,1,4,1,4,4,1,1,1,4,4,4,1,4,4,4,1,4,1,4,4,4,1,1,1,1,1,4,4,1,1,4,4,4,4,-1
Armenia,4,1,2,1,4,3,1,0,1,1,3,3,2,4,3,1,1,2,4,2,2,2,4,1,2,1,4,4,2,4,2,4,4,4,2,1,2,4,4,4,2,4,1,2,1,1,1,4,3,2,2,2,2,4,4,1,4,4,2,1,1,4,4,1,1,4,1,3,2,2,4,2,2,2,1,1,2,2,1,2,1,2,1,2,1,2,1,4,3,2,1,1,1,2,1,2,4,4,4,1,1,1,4,4,2,2,4,1,3,4,4,2,3,1,1,2,1,2,4,2,4,3,4,1,1,2,4,4,2,1,2,4,3,2,2,2,2,2,1,1,1,1,1,4,3,3,3,3,1,4,2,4,1,4,1,1,1,1,3,4,2,4,1,4,4,2,1,1,4,1,4,2,2,4,3,2,2,2,2,3,4,1,1,1,1,1,1,3,2,2,4,4,4,4,-1
Australia,4,4,2,3,4,4,4,4,0,3,4,4,2,4,4,4,3,4,4,4,4,4,4,4,2,3,4,4,4,4,2,4,4,4,4,4,4,4,4,4,4,4,2,4,3,3,3,4,2,4,4,4,4,4,4,3,4,4,4,3,3,4,4,4,3,4,3,4,4,4,4,4,4,4,3,3,4,4,4,4,3,2,3,4,1,4,4,4,4,4,2,4,4,4,3,4,4,4,4,3,3,3,4,4,2,4,4,3,4,4,4,4,4,2,3,4,4,4,4,4,4,4,4,3,1,4,4,4,4,3,4,4,4,4,4,4,4,4,3,3,4,3,4,4,4,4,4,4,3,4,4,4,4,4,2,2,3,3,4,4,4,4,3,4,4,4,3,3,4,4,4,4,4,4,4,2,4,4,4,4,4,4,4,3,2,4,4,4,3,4,4,4,4,4,-1
Austria,4,1,4,1,4,1,1,4,1,0,4,1,4,4,1,4,1,4,4,4,4,1,4,1,1,1,4,4,4,4,1,4,4,4,1,4,1,4,4,4,1,4,1,4,1,1,1,4,1,4,4,4,1,4,4,1,4,4,4,1,1,4,4,1,1,4,1,1,1,4,4,4,4,1,1,1,4,4,4,4,1,1,1,4,1,4,4,4,1,4,1,4,4,4,1,4,4,4,4,1,1,1,4,4,1,4,4,1,1,4,1,1,1,1,1,4,1,4,4,4,4,4,4,1,1,1,4,4,1,1,4,4,1,1,4,1,1,4,1,1,4,1,4,4,1,1,1,1,1,4,4,4,1,1,1,1,1,1,1,4,4,4,1,4,4,4,1,1,4,4,4,4,1,4,1,1,4,4,4,1,4,1,1,1,1,1,4,4,1,1,4,4,4,4,-1
Azerbaijan,4,2,4,2,4,4,2,5,2,2,0,2,2,4,2,1,2,4,4,4,2,2,4,2,2,2,4,4,4,4,2,4,4,4,2,2,2,4,4,4,2,4,4,2,2,2,2,2,4,4,2,2,4,4,4,2,4,4,4,2,2,4,4,1,2,4,2,4,2,4,4,4,4,2,2,2,2,2,2,4,2,2,2,2,2,2,1,4,4,4,2,2,1,4,2,4,4,4,4,2,2,2,4,4,2,2,4,2,4,4,2,2,4,1,2,2,2,2,4,4,4,4,2,2,2,4,4,4,2,2,3,2,4,2,4,2,2,4,2,2,2,2,1,4,4,4,4,4,4,4,2,4,1,2,2,2,2,2,4,4,2,4,2,2,4,4,2,2,4,1,4,2,4,4,4,2,4,1,2,4,4,1,2,2,2,4,1,4,2,4,2,4,4,4,-1
Bahamas,4,4,4,1,4,1,1,1,1,1,1,0,1,1,1,2,1,1,4,4,1,1,1,1,1,1,4,4,4,4,1,1,4,4,1,1,1,4,4,4,1,4,1,4,1,1,1,4,1,4,1,1,1,4,4,1,1,4,1,1,1,4,1,1,1,4,1,1,1,1,4,1,4,1,1,1,4,4,4,4,1,1,1,1,1,4,4,1,1,4,1,1,4,4,1,4,1,4,4,1,1,1,4,1,1,1,1,1,1,4,1,1,4,1,1,4,4,4,4,4,1,1,4,1,1,1,4,4,1,1,1,4,4,1,1,1,1,4,1,1,1,1,1,4,1,1,1,1,1,1,4,4,4,1,1,1,1,1,1,4,1,4,1,1,4,1,1,1,4,4,1,4,4,4,1,1,4,1,4,1,1,4,1,1,1,1,4,1,1,1,4,2,1,1,-1
Bahrain,4,4,4,2,4,2,2,4,2,2,2,2,0,3,2,2,2,2,4,4,3,4,2,2,2,2,4,1,4,2,2,4,4,4,2,2,2,4,4,4,4,2,3,2,2,2,2,4,2,2,2,2,4,4,4,2,4,4,4,2,2,2,4,2,2,2,2,2,4,4,4,2,4,4,2,2,2,2,4,2,2,2,2,2,2,2,2,2,4,4,2,1,4,4,2,4,4,4,4,3,2,2,4,4,2,4,4,2,4,4,2,2,4,4,2,4,4,2,2,4,4,4,4,2,2,4,4,4,4,2,1,2,4,4,4,3,2,2,2,2,1,2,2,4,2,2,2,4,2,4,1,2,2,2,2,2,2,2,4,4,2,4,2,4,4,2,2,2,2,4,4,3,4,4,4,2,2,2,4,4,4,2,1,2,2,2,4,4,3,2,4,4,4,4,-1
Bangladesh,3,3,4,3,3,3,3,3,3,3,3,4,3,0,1,3,3,4,3,1,3,3,1,4,4,3,1,3,3,3,3,3,3,3,3,3,3,3,3,4,4,4,3,3,3,3,3,3,3,3,3,3,3,3,3,3,3,4,1,3,3,1,1,3,3,1,3,1,4,1,1,3,3,4,3,3,4,3,4,4,3,4,3,1,3,4,3,4,3,3,3,3,3,3,3,4,1,3,4,2,3,3,3,1,3,1,3,3,3,3,4,4,3,3,3,4,3,4,3,4,3,3,3,3,3,3,3,4,3,3,3,4,3,4,1,4,3,4,3,3,1,3,3,3,1,3,3,1,3,3,3,3,3,1,3,3,3,3,3,3,4,4,3,4,3,4,3,3,4,3,1,4,4,3,1,3,3,3,3,3,3,3,3,3,3,3,4,4,3,3,3,4,1,3,-1
Barbados,4,1,1,4,4,1,1,1,1,1,1,1,1,1,0,1,1,1,4,4,4,4,1,1,1,1,1,1,4,1,1,4,4,4,1,1,1,4,4,4,1,4,1,1,1,1,1,4,1,4,4,4,1,4,4,1,1,1,1,1,1,4,1,1,1,1,1,1,1,4,4,1,4,4,1,1,1,1,4,4,1,1,1,1,1,1,1,1,1,4,1,4,1,4,1,1,1,1,4,1,1,1,4,1,1,1,1,1,4,1,1,1,4,1,1,1,4,1,3,4,1,1,4,1,1,1,4,1,4,1,1,4,4,1,4,4,1,1,1,1,1,1,1,1,1,1,1,1,1,4,1,1,1,1,1,1,1,1,1,4,1,4,1,1,4,1,1,1,4,1,1,1,1,4,1,1,1,1,1,1,1,1,1,1,1,1,1,1,4,1,1,4,1,1,-1
Belarus,4,1,4,1,4,1,1,1,1,1,1,4,1,4,1,0,1,4,4,4,4,1,4,1,4,1,4,4,4,4,1,4,4,4,1,1,4,4,4,4,4,4,1,1,1,1,1,4,1,4,1,1,1,4,4,1,4,4,4,1,1,4,4,1,1,4,1,4,4,4,4,4,4,4,1,1,4,1,4,4,1,1,1,4,1,4,1,4,4,4,1,1,1,4,1,4,4,4,4,1,1,1,4,4,1,4,4,1,4,4,4,1,1,1,1,1,1,4,4,4,4,4,4,1,1,1,4,4,1,1,1,4,4,1,4,4,1,4,1,1,1,1,1,4,1,4,1,4,1,4,1,4,1,1,1,1,1,1,4,4,4,4,1,4,4,4,1,1,4,1,4,4,4,4,4,4,4,1,4,4,4,1,1,4,4,1,1,1,1,1,4,4,4,4,-1
Belgium,4,1,4,1,4,1,1,4,1,1,4,1,4,4,1,4,0,4,4,4,4,1,4,1,1,1,4,4,4,4,1,4,4,4,1,4,1,4,4,4,1,4,1,4,1,1,1,4,1,4,4,4,1,4,4,1,4,4,4,1,1,4,4,1,1,4,1,1,1,4,4,4,4,1,1,1,4,4,4,4,1,1,1,4,1,4,4,4,1,4,1,4,4,4,1,4,4,4,4,1,1,1,4,4,1,4,4,1,1,4,1,1,1,1,1,4,1,4,4,4,4,4,4,1,1,1,4,4,1,1,4,4,1,1,4,1,1,4,1,1,4,1,4,4,1,1,1,1,1,4,4,4,1,1,1,1,1,1,1,4,4,4,1,4,4,4,1,1,4,4,4,4,1,4,1,1,4,4,4,1,4,1,1,1,1,1,4,4,1,1,4,4,4,4,-1
Belize,4,4,4,1,4,1,1,4,1,1,4,1,4,4,1,4,1,0,4,4,1,4,1,1,1,1,4,4,4,4,1,4,4,4,1,4,1,4,4,4,1,4,1,4,1,1,1,4,1,1,4,4,1,4,4,1,1,4,1,1,1,4,1,4,1,1,1,1,1,4,4,1,1,1,1,1,4,4,4,4,1,1,1,1,1,4,4,4,4,4,1,4,4,4,1,4,1,4,4,1,1,1,4,1,1,1,4,1,1,4,1,1,1,4,1,4,4,1,4,4,1,4,4,1,1,1,4,4,4,1,4,4,1,1,4,1,1,4,1,1,4,1,1,4,1,1,1,4,4,4,4,4,4,1,1,1,1,1,1,4,1,4,1,4,4,1,1,1,4,4,1,4,4,4,1,1,1,1,4,1,1,4,4,1,1,1,4,1,1,4,4,4,1,1,-1
Benin,2,2,1,2,1,2,2,2,2,2,2,2,2,2,2,2,2,2,0,2,2,2,1,2,2,2,1,1,2,1,2,1,1,1,2,2,2,1,1,1,2,1,4,2,2,2,2,1,2,2,2,2,2,1,1,2,1,1,2,2,2,1,1,2,2,1,2,2,2,2,1,2,1,2,2,2,2,1,2,2,2,1,2,2,2,2,2,1,2,2,2,2,2,2,2,2,1,1,1,2,2,2,1,1,2,2,1,2,2,1,1,2,2,2,2,2,2,1,1,2,1,2,2,2,2,2,1,1,2,2,2,2,2,2,2,2,2,2,2,2,2,2,2,1,2,2,2,2,2,1,2,1,2,1,1,1,2,2,2,1,1,1,2,2,1,2,2,2,2,2,1,2,2,1,2,2,1,2,2,2,1,2,2,2,2,2,4,2,2,2,2,2,1,1,-1
Bhutan,4,4,4,4,4,4,4,4,4,4,4,4,4,1,4,4,4,4,4,0,4,4,4,4,4,4,4,4,4,4,4,4,4,4,4,4,4,4,4,4,4,4,4,4,4,4,4,4,4,4,4,4,4,4,4,4,4,4,4,4,4,4,4,4,4,4,4,4,4,4,4,4,4,4,4,4,1,4,4,4,4,4,4,4,4,4,4,4,4,4,4,4,4,4,4,4,4,4,4,4,4,4,4,4,4,1,4,4,4,4,4,4,4,4,4,4,4,4,4,4,4,4,4,4,4,4,4,4,4,4,4,4,4,4,4,4,4,4,4,4,4,4,4,4,4,4,4,4,4,4,4,4,4,4,4,4,4,4,4,4,4,4,4,4,4,4,4,4,4,4,4,4,4,4,4,4,4,4,4,4,4,4,4,4,4,4,4,4,4,4,4,4,4,4,-1
Bolivia,4,3,3,1,4,3,1,3,1,1,3,3,3,3,3,3,1,3,3,4,0,3,3,1,3,3,3,3,4,3,1,3,3,4,1,3,1,3,3,4,1,3,1,3,3,1,1,3,3,3,1,1,3,3,3,1,3,3,3,1,1,3,3,3,1,3,1,3,3,3,3,3,3,3,1,1,3,4,3,4,1,4,1,3,1,3,3,3,3,4,3,3,3,4,1,2,3,3,4,1,1,1,3,3,3,3,3,3,3,3,3,1,3,3,1,3,3,3,3,3,3,3,3,1,1,3,3,4,3,1,3,4,3,1,3,1,1,1,1,1,3,3,1,4,3,3,3,3,3,3,3,3,3,3,3,3,1,1,3,4,3,3,1,3,4,3,1,1,4,3,3,3,4,3,3,3,3,1,3,3,3,3,3,1,3,1,3,3,1,1,3,4,3,3,-1
Bosnia and Herzegovina,4,1,4,1,4,1,1,4,1,1,1,1,1,4,1,4,1,4,4,4,4,0,4,1,1,1,4,4,4,4,1,4,4,4,1,1,1,4,4,4,1,4,1,4,1,1,1,4,1,4,4,4,1,4,4,1,4,4,4,1,1,4,4,1,1,4,1,1,1,4,4,4,4,1,1,1,4,4,4,4,1,1,1,4,1,4,4,4,1,4,1,1,4,4,1,4,4,4,4,1,1,1,4,4,1,4,4,1,1,4,1,1,1,1,1,4,1,4,4,4,4,4,4,1,1,1,4,4,1,1,1,4,1,1,4,1,1,4,1,1,1,1,1,4,1,1,1,1,1,4,4,4,1,1,1,1,1,1,1,4,4,4,1,4,4,4,1,1,4,4,4,4,1,4,1,1,4,1,4,1,4,1,1,1,1,1,4,1,1,1,4,4,4,4,-1
Botswana,4,4,4,4,1,1,1,4,1,1,4,1,1,4,1,2,1,1,4,4,4,4,0,1,1,1,4,4,4,4,1,4,4,4,1,4,4,4,4,4,1,4,1,1,1,1,1,4,1,1,4,4,4,4,4,1,1,4,4,1,1,4,1,4,1,2,1,1,4,1,4,1,4,4,1,1,2,4,4,4,1,1,1,1,1,4,4,1,1,4,1,1,4,4,1,2,1,4,4,1,1,1,4,1,1,1,4,1,4,4,1,1,4,4,1,4,4,4,1,2,1,1,4,1,1,4,4,4,4,1,1,4,4,4,1,1,1,4,1,1,1,1,1,4,1,1,1,1,1,4,1,4,2,1,1,1,1,1,1,4,1,1,1,4,4,4,1,1,4,4,1,4,4,4,1,1,4,1,4,1,1,4,1,1,1,1,4,1,1,1,4,4,1,1,-1
Brazil,4,1,4,1,4,1,1,1,1,1,4,1,4,4,1,1,1,1,4,4,1,1,1,0,4,1,4,4,4,4,1,4,4,4,1,4,1,4,4,4,1,4,1,4,1,1,1,4,1,1,1,1,1,4,4,1,4,4,1,1,1,4,4,1,1,4,1,1,1,4,4,1,4,1,1,1,4,1,4,4,1,1,1,1,1,4,1,4,4,4,1,4,4,4,1,4,4,4,4,1,1,1,4,4,1,4,4,1,4,4,4,1,4,1,1,1,1,1,4,4,1,4,4,1,1,1,4,4,1,1,4,4,4,1,4,1,1,1,1,1,1,1,1,4,1,4,1,4,1,4,4,4,1,1,1,1,1,1,4,4,1,4,1,4,4,1,1,1,4,4,4,1,4,4,4,1,1,1,4,4,4,1,1,1,1,1,4,4,1,1,4,4,4,4,-1
Brunei,4,4,4,4,4,4,4,4,3,1,4,4,3,4,4,4,1,4,4,4,4,4,4,4,0,1,4,4,1,4,1,4,4,4,4,3,4,4,4,4,1,4,1,4,1,1,1,4,4,4,4,4,4,4,4,1,4,4,4,1,1,4,4,4,1,4,1,4,4,4,4,4,4,4,1,1,4,1,4,4,1,5,1,4,1,4,4,4,4,4,1,3,4,1,1,4,4,4,4,1,1,1,4,4,1,1,4,1,4,4,4,4,4,4,4,4,4,4,4,1,4,4,4,1,1,4,4,4,4,1,1,3,4,4,4,4,1,1,1,1,3,1,1,4,4,4,4,4,4,4,3,4,4,4,1,1,1,1,4,4,4,4,1,4,4,4,1,1,4,4,4,1,4,4,4,4,4,1,4,4,4,1,1,1,1,4,4,4,4,4,1,4,4,4,-1
Bulgaria,4,1,4,1,4,1,1,4,1,1,4,1,4,4,1,4,1,4,4,4,4,1,4,1,1,0,4,4,4,4,1,4,4,4,1,4,1,4,4,4,1,4,1,4,1,1,1,4,1,4,4,4,1,4,4,1,4,4,4,1,1,4,4,1,1,4,1,1,1,4,4,4,4,1,1,1,4,4,4,4,1,1,1,4,1,4,4,4,1,4,1,4,4,4,1,4,4,4,4,1,1,1,4,4,1,4,4,1,1,4,1,1,1,1,1,4,1,4,4,4,4,4,4,1,1,1,4,4,1,1,4,4,1,1,4,1,1,4,1,1,4,1,4,4,1,1,1,1,1,4,4,4,1,1,1,1,1,1,1,4,4,4,1,4,4,4,1,1,4,4,4,4,1,4,1,1,4,4,4,1,4,1,1,1,1,1,4,4,1,1,4,4,4,4,-1
Burkina Faso,4,4,4,4,4,4,3,4,3,3,4,4,4,4,4,4,3,4,1,4,4,4,4,3,4,4,0,4,4,4,3,1,1,3,4,4,3,3,4,3,4,1,4,3,4,3,3,3,4,4,3,3,4,4,3,3,4,4,4,3,3,4,1,4,3,1,3,4,4,4,1,4,4,4,3,3,4,4,4,4,3,4,3,4,4,4,4,3,4,4,4,4,4,4,3,4,4,1,3,3,3,3,4,4,4,4,1,3,4,1,4,4,4,4,4,4,4,1,4,4,4,4,4,3,3,4,1,1,4,3,4,4,4,4,4,3,4,4,3,3,4,4,4,4,1,4,4,4,4,3,4,1,4,4,1,1,3,3,4,3,4,4,3,4,4,4,3,3,4,4,4,4,4,1,4,4,3,4,4,4,4,4,1,3,3,4,4,4,4,3,4,4,4,4,-1
Burundi,3,4,3,4,4,4,3,4,3,4,4,4,4,3,4,3,4,4,4,4,3,4,4,3,4,3,4,0,4,4,3,4,4,4,3,3,3,4,4,1,4,4,3,3,3,3,3,4,4,4,3,3,4,4,4,4,4,4,4,3,3,4,4,4,3,4,4,4,4,4,4,4,4,4,4,4,2,3,3,4,3,3,4,4,3,4,4,1,4,4,3,4,4,4,4,3,4,4,4,4,3,3,4,4,3,4,4,4,4,4,3,3,4,4,4,3,3,4,4,4,4,4,4,3,3,4,4,4,4,3,4,3,4,4,4,3,4,3,3,3,4,3,3,1,4,4,4,4,4,4,3,4,3,3,3,3,4,4,4,4,4,1,3,3,4,4,3,4,4,4,1,4,4,4,4,4,3,3,4,4,1,3,3,3,3,3,4,4,4,3,4,4,4,4,-1
Cambodia,3,2,4,2,2,3,2,2,2,2,2,3,2,2,3,2,2,2,2,2,2,2,2,2,1,2,2,2,0,2,2,2,2,2,2,2,2,2,2,2,2,2,3,2,2,2,2,2,3,2,2,2,2,2,2,2,2,2,2,2,2,2,2,2,2,2,2,3,2,2,2,2,2,2,2,2,2,1,2,4,2,2,2,2,2,2,2,2,3,2,2,2,2,1,2,2,2,2,2,2,2,2,2,2,1,2,2,2,3,2,2,2,3,2,2,2,2,2,2,1,2,3,2,2,2,2,2,2,2,2,2,3,3,2,2,2,2,1,2,2,2,2,2,2,3,3,3,3,2,3,3,2,2,1,1,1,2,2,3,2,2,2,2,2,4,2,2,2,4,2,2,1,2,2,3,3,2,2,2,3,2,2,2,2,2,2,3,3,2,2,1,2,2,2,-1
Cameroon,4,4,4,4,4,4,4,4,4,4,4,4,4,4,4,4,4,4,4,4,4,4,4,4,4,4,4,4,4,0,4,4,1,1,4,4,4,4,1,4,4,4,4,4,4,4,4,4,4,4,4,4,4,1,4,4,4,4,4,4,4,1,4,4,4,4,4,4,4,4,4,4,4,4,4,4,4,4,4,4,4,4,4,4,4,4,4,4,4,4,4,4,4,4,4,4,4,4,4,4,4,4,4,4,4,4,4,4,4,4,4,4,4,4,4,4,4,4,4,4,4,4,4,4,4,4,4,1,4,4,4,4,4,4,4,4,4,4,4,4,4,4,4,4,4,4,4,4,4,4,4,4,4,4,4,4,4,4,4,4,4,4,4,4,4,4,4,4,4,4,4,4,4,4,4,4,4,4,4,4,4,4,4,4,4,4,4,4,4,4,4,4,4,4,-1
Canada,4,4,4,1,4,4,4,4,1,1,4,1,4,4,1,4,1,4,4,4,4,4,4,4,1,1,4,4,4,4,0,4,4,4,1,4,4,4,4,4,4,4,2,4,1,1,1,4,4,4,4,4,4,4,4,1,4,4,4,1,2,4,4,4,2,4,1,4,4,1,4,4,4,4,1,1,4,4,4,4,1,1,1,4,1,4,4,4,4,4,2,4,4,4,1,4,4,4,4,1,1,1,4,4,4,4,4,1,4,4,4,1,4,4,1,4,4,4,4,4,4,4,4,1,1,4,4,4,4,1,4,4,4,4,1,4,4,4,2,1,4,2,4,4,4,4,4,1,1,4,4,4,4,4,2,2,1,1,1,5,4,4,2,4,4,4,1,1,4,4,4,4,4,4,4,4,4,4,4,4,4,4,1,2,1,4,4,4,1,4,4,4,4,4,-1
Cape Verde,3,3,3,1,1,1,3,3,3,1,3,3,3,3,3,3,1,3,1,3,3,3,3,1,3,1,1,3,3,3,1,0,3,3,3,3,3,3,3,3,3,1,1,3,1,1,1,3,3,3,3,3,3,3,3,1,3,3,3,1,2,3,1,3,2,1,1,3,3,3,1,3,3,3,1,1,3,3,3,3,1,3,1,3,3,4,3,3,3,3,3,3,3,3,1,3,3,1,3,1,1,1,3,3,3,3,1,1,3,1,3,3,3,3,1,3,3,4,1,3,3,3,3,1,3,3,1,1,3,1,3,3,3,3,3,3,3,3,2,1,3,1,1,3,3,3,3,3,1,3,3,1,3,3,1,1,1,1,3,3,3,3,1,3,3,3,1,1,3,3,3,3,1,1,3,3,3,3,3,3,3,3,3,1,1,3,3,3,1,3,3,3,3,3,-1
Central African Republic,4,4,4,4,4,4,4,4,4,4,4,4,4,4,4,4,4,4,1,4,4,4,4,4,4,4,1,1,4,1,4,4,0,1,4,4,4,4,1,1,4,1,4,4,4,4,4,4,4,4,4,4,4,1,4,4,4,4,4,4,4,1,4,4,4,4,4,4,4,4,4,4,4,4,4,4,4,4,4,4,4,1,4,4,4,4,4,4,4,4,4,4,4,4,4,4,4,1,4,4,4,4,4,4,4,4,4,4,4,4,4,4,4,4,4,4,4,4,4,4,4,4,4,4,4,4,1,4,4,4,4,4,4,4,4,4,4,4,4,4,4,4,4,1,4,4,4,4,4,4,4,1,4,4,4,4,4,4,4,4,4,4,4,4,4,4,4,4,4,4,4,4,4,4,4,4,4,4,4,4,4,4,3,4,1,4,4,4,4,4,4,4,4,4,-1
Chad,4,4,4,4,4,4,4,4,4,4,4,4,4,4,4,4,4,4,3,4,4,4,4,4,4,4,1,4,4,1,4,4,1,0,4,4,4,4,1,4,4,1,4,4,4,4,4,4,4,4,4,4,4,1,4,4,4,4,4,4,4,1,4,4,4,4,4,4,4,4,4,4,4,4,4,4,4,4,4,4,4,4,4,4,4,4,4,4,4,4,4,4,4,4,4,4,4,4,4,4,4,4,4,4,4,4,1,4,4,1,4,4,4,4,4,4,4,4,4,4,4,4,4,4,4,4,1,1,4,4,4,4,4,4,4,4,4,4,4,4,4,4,4,1,4,4,4,4,4,4,4,1,4,4,4,4,4,4,4,4,4,4,4,4,4,4,4,4,4,4,4,4,4,1,4,4,4,4,4,4,4,4,1,4,4,4,4,4,4,4,4,4,4,4,-1
Chile,4,1,4,1,4,1,1,4,2,1,4,1,4,3,1,4,1,1,4,4,1,1,4,1,4,1,4,4,4,4,1,4,4,4,0,4,1,4,4,4,1,4,1,4,1,1,1,4,4,4,1,1,1,4,4,1,4,4,1,1,1,4,4,1,1,4,1,1,1,4,4,1,4,1,1,1,4,1,4,4,1,1,1,1,1,4,4,4,4,4,1,4,4,4,1,4,4,4,4,1,1,1,4,4,1,4,4,1,4,4,1,1,4,1,1,1,1,4,4,4,4,4,4,1,1,1,4,4,1,1,4,4,4,1,4,1,1,4,1,1,4,1,1,4,1,1,1,4,1,4,4,4,1,4,1,1,1,1,4,4,1,4,1,4,4,4,1,1,4,4,4,1,4,4,1,1,4,1,4,4,4,1,1,1,1,1,4,4,1,4,1,4,4,4,-1
China,4,4,4,4,4,4,4,1,4,4,4,1,4,4,1,1,4,4,4,4,4,1,4,4,1,4,4,4,4,4,4,4,4,4,4,0,4,4,4,4,4,4,4,4,4,4,4,4,1,4,1,1,4,4,4,4,4,4,1,4,4,4,4,4,4,4,4,1,4,4,4,4,4,4,4,4,4,4,4,4,4,4,4,4,1,4,4,4,4,4,4,4,4,4,4,4,4,4,4,4,4,4,4,4,4,4,4,4,4,4,1,4,4,4,4,1,4,4,4,4,4,4,4,4,4,4,4,4,4,4,4,4,4,4,4,4,4,4,4,4,1,4,4,4,4,4,4,4,1,4,4,4,1,1,1,1,4,4,4,4,4,4,4,4,4,1,4,4,4,4,4,4,4,4,1,4,4,4,4,4,4,4,1,1,4,4,4,4,4,4,4,4,4,4,-1
Colombia,4,1,4,1,4,1,1,4,1,1,1,1,4,4,1,4,1,1,4,1,1,1,2,1,1,1,4,4,4,4,1,4,4,4,1,4,0,4,4,4,1,4,1,4,1,1,1,4,1,1,1,1,1,4,4,1,4,4,1,1,1,4,4,1,1,2,1,1,1,1,4,1,4,1,1,1,4,1,4,4,1,1,1,1,1,4,1,4,4,4,1,2,4,4,1,4,4,4,4,1,1,1,4,4,4,4,4,1,1,4,2,1,1,1,1,4,1,1,4,4,2,4,4,1,1,4,4,4,1,1,4,4,1,1,1,1,1,1,1,1,1,1,1,4,1,1,1,1,1,4,2,4,1,4,1,1,1,1,1,4,4,4,1,4,4,1,1,1,4,4,4,4,4,4,4,1,4,1,4,4,4,1,1,1,1,1,4,4,1,1,4,4,4,4,-1
Comoros,3,3,3,3,3,3,3,3,3,3,3,3,3,3,3,3,3,3,3,3,3,3,3,3,3,3,3,3,3,3,3,3,3,3,3,3,3,0,3,3,3,3,4,3,3,3,3,3,3,3,3,3,3,3,3,3,3,3,3,3,3,3,3,3,3,3,3,3,3,3,3,3,3,3,3,3,3,3,3,3,3,3,3,3,3,3,3,3,3,3,3,3,3,3,3,3,3,3,3,3,3,3,3,3,3,3,3,3,3,3,3,3,3,3,3,3,3,3,3,3,3,3,3,3,3,3,3,3,3,3,3,3,3,3,3,3,3,3,3,3,3,3,3,3,3,3,3,3,3,3,3,3,3,3,3,3,3,3,3,3,3,3,3,3,3,3,3,3,3,3,3,3,3,3,3,3,3,3,3,3,3,3,3,3,3,3,3,3,3,3,3,3,3,3,-1
Republic of the Congo,4,2,2,2,2,1,1,1,1,1,1,1,1,4,2,4,1,2,2,2,1,2,2,1,1,1,2,2,2,2,1,2,2,2,1,1,1,2,0,2,1,2,4,1,1,1,1,2,1,1,1,1,2,2,4,1,2,2,2,1,1,2,2,1,1,4,4,4,4,4,4,4,4,4,4,4,4,4,4,4,4,4,4,4,4,4,4,4,4,4,4,4,4,4,4,4,4,4,4,4,4,4,4,4,4,4,4,4,4,3,4,4,4,4,4,4,4,3,4,4,4,4,4,4,4,4,3,4,4,4,4,4,4,4,4,4,4,4,4,4,4,4,4,3,4,4,4,4,4,4,4,4,4,4,4,4,4,4,4,4,4,4,4,4,4,4,4,4,4,4,4,4,4,3,4,4,4,4,4,4,4,4,3,4,4,4,4,4,4,4,4,4,4,4,-1
Democratic Republic of the Congo,4,1,4,1,4,1,1,4,1,1,4,1,4,4,1,4,1,4,4,4,4,1,4,1,1,1,4,4,4,4,1,4,4,4,1,4,1,4,4,0,1,4,4,4,1,1,1,4,1,4,4,4,1,4,4,1,4,4,4,1,1,4,4,1,1,4,4,4,4,4,4,4,4,4,4,4,4,4,4,4,4,4,4,4,4,4,4,3,4,4,4,4,4,4,4,4,4,4,4,4,4,4,4,4,2,4,4,4,4,4,3,4,4,4,4,4,4,4,4,4,4,4,4,4,4,4,4,4,4,4,4,4,4,4,4,4,4,4,4,2,4,4,4,1,4,4,4,4,4,4,4,4,4,4,4,4,4,4,4,4,4,4,4,4,4,4,4,4,4,4,3,4,4,4,4,4,4,4,4,4,4,4,3,4,4,4,4,4,4,4,4,4,4,1,-1
Costa Rica,3,3,3,3,3,3,3,4,3,3,3,3,3,3,3,4,3,3,3,3,3,3,3,3,3,3,3,3,3,3,3,3,3,3,3,3,3,4,3,3,0,3,1,3,3,3,3,3,3,3,3,3,3,3,4,3,3,3,3,3,3,3,3,3,3,4,1,1,1,4,4,1,4,1,1,1,4,4,4,4,1,1,1,4,1,4,1,4,1,4,1,4,4,4,1,4,4,4,4,1,1,1,4,4,1,1,4,1,1,4,1,1,1,4,1,4,1,4,4,4,4,1,4,1,1,4,4,4,4,1,4,4,1,1,4,1,1,1,1,1,1,1,1,4,1,1,1,1,1,1,4,4,1,1,1,1,1,1,1,4,1,4,1,4,4,1,1,1,4,4,4,4,4,4,1,1,4,1,4,1,4,1,1,1,1,1,4,1,1,4,4,4,4,4,-1
Cote d'Ivoire,3,3,3,3,3,3,3,2,3,3,3,3,3,3,3,2,3,3,3,3,3,3,3,3,3,3,3,3,3,3,3,3,3,3,3,3,3,4,3,3,3,0,4,4,2,2,2,2,2,4,2,2,4,4,4,2,2,4,4,2,2,4,1,2,2,1,2,4,4,4,1,2,4,4,2,2,2,2,2,2,2,2,2,2,2,2,2,4,2,2,2,2,2,2,2,2,2,1,4,2,2,2,2,4,2,2,1,2,4,1,2,2,4,2,2,2,2,1,4,2,2,4,2,2,2,2,1,1,2,2,2,2,4,4,4,2,2,1,2,2,2,2,2,1,4,4,4,4,2,4,2,1,2,1,1,1,2,2,4,2,2,4,2,2,2,2,2,2,2,2,4,2,2,1,4,2,1,2,2,4,4,2,2,2,2,2,4,4,2,2,2,2,4,4,-1
Croatia,4,1,4,1,4,1,1,4,1,1,4,1,4,4,1,4,1,4,4,4,4,1,4,1,1,1,4,4,4,4,1,4,4,4,1,4,1,4,4,4,1,4,0,4,1,1,1,4,1,4,4,4,1,4,4,1,4,4,1,1,1,4,4,1,1,4,1,1,1,4,4,4,4,1,1,1,4,4,4,4,1,1,1,4,1,4,4,4,1,4,1,4,4,4,1,4,4,4,4,1,1,1,4,4,1,4,4,1,1,4,1,1,1,1,1,4,1,4,4,4,4,4,4,1,1,1,4,4,1,1,4,4,1,1,4,1,1,4,1,1,4,1,4,4,1,1,1,1,1,4,4,4,1,1,1,1,1,1,1,4,4,4,1,4,4,4,1,1,4,4,4,4,1,4,1,1,4,4,4,1,4,1,1,1,1,1,4,4,1,1,4,4,4,4,-1
Cuba,4,4,4,4,4,1,4,4,4,4,4,4,4,4,1,1,4,4,4,4,4,1,4,4,4,4,4,4,4,4,4,4,4,4,4,4,1,4,4,4,4,4,4,0,4,4,4,4,1,4,4,4,4,4,4,4,4,4,4,4,4,4,4,4,4,4,4,1,4,4,4,4,4,4,4,4,4,4,4,4,4,4,4,1,4,4,4,1,4,4,4,4,4,4,4,4,4,4,4,4,4,4,4,4,1,4,4,4,4,4,4,4,4,4,4,1,1,4,4,4,1,4,4,4,4,4,4,4,1,4,4,4,4,4,4,4,4,4,4,4,4,4,1,4,1,1,1,4,4,4,4,4,1,4,1,1,4,4,4,4,4,4,4,4,4,4,4,4,4,4,4,4,4,4,4,4,4,4,4,4,4,4,1,4,5,4,4,4,4,4,4,4,4,4,-1
Cyprus,4,1,4,1,4,1,1,4,1,1,4,1,4,4,1,4,1,4,4,4,4,1,4,1,1,1,4,4,4,4,1,4,4,4,1,4,1,4,4,4,1,4,1,4,0,1,1,4,1,4,4,4,1,4,4,1,4,4,4,1,1,4,4,1,1,4,1,1,1,4,4,4,4,1,1,1,4,4,4,4,1,1,1,4,1,4,4,4,1,4,1,4,4,4,1,4,4,4,4,1,1,1,4,4,1,4,4,1,1,4,1,1,1,1,1,4,1,4,4,4,4,4,4,1,1,1,4,4,1,1,4,4,1,1,4,1,1,4,1,1,4,1,4,4,1,1,1,1,1,4,4,4,1,1,1,1,1,1,1,4,4,4,1,4,4,4,1,1,4,4,4,4,1,4,1,1,4,4,4,1,4,1,1,1,1,1,4,4,1,1,4,4,4,4,-1
Czech Republic,4,1,4,1,4,1,1,4,1,1,4,1,4,4,1,4,1,4,4,4,4,1,4,1,1,1,4,4,4,4,1,4,4,4,1,4,1,4,4,4,1,4,1,4,1,0,1,4,1,4,4,4,1,4,4,1,4,4,4,1,1,4,4,1,1,4,1,1,1,4,4,4,4,1,1,1,4,4,4,4,1,1,1,4,1,4,4,4,1,4,1,4,4,4,1,4,4,4,4,1,1,1,4,4,1,4,4,1,1,4,1,1,1,1,1,4,1,4,4,4,4,4,4,1,1,1,4,4,1,1,4,4,1,1,4,1,1,4,1,1,4,1,5,4,1,1,1,1,1,4,4,4,1,1,1,1,1,1,1,4,4,4,1,4,4,4,1,1,4,4,4,4,1,4,1,1,4,4,4,1,4,1,1,1,1,1,4,4,1,1,4,4,4,4,-1
Denmark,4,1,4,1,4,1,1,4,1,1,4,1,4,4,1,4,1,4,4,4,4,1,4,1,1,1,4,4,4,4,1,4,4,4,1,4,1,4,4,4,1,4,1,4,1,1,0,4,1,4,4,4,1,4,4,1,4,4,4,1,1,4,4,1,1,4,1,1,1,4,4,4,4,1,1,1,4,4,4,4,1,1,1,4,1,4,4,4,1,4,1,4,4,4,1,4,4,4,4,1,1,1,4,4,1,4,4,1,1,4,1,1,1,1,1,4,1,4,4,4,4,4,4,1,1,1,4,4,1,1,4,4,1,1,4,1,1,4,1,1,4,1,4,4,1,1,1,1,1,4,4,4,1,1,1,1,1,1,1,4,4,4,1,4,4,4,1,1,4,4,4,4,1,4,1,1,4,4,4,1,4,1,1,1,1,1,4,4,1,1,4,4,4,4,-1
Djibouti,2,2,2,2,2,3,2,2,2,2,2,2,2,2,2,2,2,2,2,2,2,2,2,2,2,2,2,2,2,2,2,2,2,2,2,2,2,2,2,2,2,2,4,2,2,2,2,0,2,2,2,2,2,2,2,2,2,2,2,2,2,2,2,2,2,2,2,2,2,2,2,2,2,2,2,2,2,2,2,2,2,2,2,2,2,2,2,2,2,2,2,2,2,2,2,2,2,2,2,2,2,2,2,2,2,2,2,2,2,2,2,2,2,2,2,2,2,2,2,2,2,2,2,2,2,2,2,2,2,2,2,2,2,2,2,2,2,2,2,2,2,2,2,2,2,2,2,2,2,4,2,2,2,2,1,1,2,2,2,2,2,2,2,2,2,2,2,2,2,2,2,2,2,2,2,2,2,2,2,2,2,2,2,2,2,2,4,2,2,2,2,3,2,2,-1
Dominica,1,1,1,1,1,1,1,1,1,1,1,1,1,1,1,1,1,1,1,1,1,1,1,1,1,1,1,1,1,1,1,1,1,1,1,1,1,1,1,1,1,1,1,1,1,1,1,1,0,4,1,1,1,1,1,1,1,1,1,1,1,1,1,1,1,1,1,1,1,1,1,1,4,1,1,1,1,1,1,1,1,1,1,1,1,1,1,1,1,1,1,1,1,1,1,1,1,1,1,1,1,1,1,1,1,1,1,1,1,1,1,1,1,1,1,1,1,1,1,1,1,1,1,1,1,1,1,1,1,1,1,1,1,1,1,1,1,1,1,1,1,1,1,1,1,1,1,1,1,1,1,1,1,1,1,1,1,1,1,1,1,1,1,1,1,1,1,1,1,1,1,1,1,1,1,1,1,1,1,1,1,1,1,1,1,1,1,1,1,1,1,1,1,1,-1
Dominican Republic,4,1,4,1,4,1,1,4,1,1,4,1,1,4,1,4,1,1,4,4,1,1,1,1,1,1,4,4,4,4,1,4,4,4,1,4,1,4,4,4,1,4,1,4,1,1,1,4,1,0,1,1,1,4,4,1,4,4,1,1,1,4,4,4,1,4,1,1,1,1,4,1,4,1,1,1,4,4,4,4,1,1,1,1,1,4,1,4,1,4,1,1,4,4,1,4,4,4,4,1,1,1,4,4,1,4,4,1,1,4,1,1,1,4,1,4,4,1,4,4,1,1,4,1,1,1,4,4,1,1,4,4,4,1,1,1,1,4,1,1,1,1,1,4,1,1,1,4,1,4,4,4,1,1,1,1,1,1,1,4,1,4,1,4,4,1,1,1,4,4,4,1,4,4,1,1,4,1,4,1,4,1,1,1,1,1,4,1,1,4,4,4,4,4,-1
Ecuador,4,4,1,1,4,1,1,1,1,1,1,1,1,4,1,1,1,1,1,1,1,1,1,1,1,1,1,1,1,4,1,1,1,1,1,1,1,1,4,4,1,4,1,4,1,1,1,1,1,1,0,1,1,1,4,1,1,4,1,1,1,1,4,1,1,4,1,1,1,1,1,1,4,1,1,1,4,1,4,4,1,1,1,1,1,1,1,4,1,4,1,1,1,1,1,1,1,1,4,1,1,1,1,1,1,1,4,1,1,1,1,1,1,1,1,1,1,1,1,4,1,1,4,1,1,1,1,4,1,1,1,4,1,1,1,1,1,4,1,1,1,1,1,1,1,1,1,1,1,1,1,4,1,1,1,1,1,1,1,4,1,1,1,4,1,1,1,1,4,1,1,1,1,1,1,1,1,1,1,1,1,1,1,1,1,1,1,1,1,4,4,1,1,1,-1
Egypt,4,2,4,3,4,3,2,2,2,2,4,4,1,3,4,2,2,4,3,3,3,2,4,3,3,2,4,4,4,4,2,4,4,4,3,2,3,4,4,4,3,4,3,3,2,2,2,4,3,3,3,0,3,4,4,2,4,4,3,2,2,4,4,3,2,4,2,3,4,3,4,3,3,4,2,2,2,4,4,4,2,4,2,4,2,1,4,4,3,2,2,1,4,4,2,1,4,4,4,3,2,2,4,4,1,3,4,2,3,4,4,2,3,2,2,4,2,4,4,4,4,3,4,2,3,4,4,4,2,2,2,4,3,3,3,3,3,4,2,2,4,2,2,4,3,3,4,3,3,3,1,4,2,3,3,3,2,2,3,4,2,3,2,4,3,3,2,2,4,4,4,4,4,4,3,3,4,4,4,3,4,2,1,2,2,3,4,3,2,3,4,4,4,4,-1
El Salvador,4,1,4,1,4,1,1,4,1,1,4,1,1,4,1,4,1,1,4,4,4,4,4,1,1,1,4,4,4,4,1,4,4,4,1,4,1,4,4,4,1,4,1,4,1,1,1,4,4,1,1,1,0,4,4,1,4,4,1,1,1,4,4,4,1,4,1,4,1,4,4,4,4,1,1,1,1,4,4,4,1,1,1,4,1,4,4,4,4,4,1,1,4,4,1,4,4,4,4,1,1,1,1,4,1,4,4,1,1,4,4,1,4,4,1,4,4,4,4,4,4,4,4,1,1,1,4,4,1,1,4,4,4,1,4,1,4,4,1,1,1,1,1,4,1,1,1,4,1,1,1,4,4,4,1,1,1,1,1,4,1,4,1,4,4,4,1,1,4,4,4,4,4,4,4,1,4,1,4,1,4,1,1,1,1,1,4,1,1,4,4,4,4,4,-1
Equatorial Guinea,4,4,4,4,4,4,4,4,4,4,4,4,4,4,1,4,4,4,4,4,4,4,4,4,4,4,4,4,4,1,4,4,1,1,4,4,4,4,1,4,4,4,4,4,4,4,4,4,4,4,4,4,4,0,4,4,4,4,4,4,4,1,4,4,4,4,4,4,4,4,4,4,4,4,4,4,4,4,4,4,4,4,4,4,4,4,4,4,4,4,4,4,4,4,4,4,4,4,4,4,4,4,4,4,4,4,4,4,4,4,4,4,4,4,4,4,4,4,4,4,4,4,4,4,4,4,4,4,4,4,4,4,4,4,4,4,4,4,4,4,4,4,4,4,4,4,4,4,4,4,4,4,4,4,4,4,4,4,4,4,4,4,4,4,4,4,4,4,4,4,4,4,4,4,4,4,1,1,4,4,4,4,3,4,1,4,4,4,4,4,4,4,4,4,-1
Eritrea,4,4,4,4,4,4,4,4,4,4,4,4,4,4,4,4,4,4,4,4,4,4,4,4,4,4,4,4,4,4,4,4,4,4,4,4,4,4,4,4,4,4,4,4,4,4,4,4,4,4,4,4,4,4,0,4,4,3,4,4,4,4,4,4,4,4,4,4,4,4,4,4,4,4,4,4,4,4,4,4,4,4,4,4,4,4,4,4,4,4,4,4,4,4,4,4,4,4,4,4,4,4,4,4,4,4,4,4,4,4,4,4,4,4,4,4,4,4,4,4,4,4,4,4,4,4,4,4,4,4,4,4,4,4,4,4,4,4,4,4,4,4,4,4,4,4,4,4,4,4,4,4,4,4,4,4,4,4,4,4,4,4,4,4,3,4,4,4,4,4,4,4,4,4,4,4,4,4,4,4,1,4,4,4,4,4,4,4,4,4,4,4,4,4,-1
Estonia,4,1,4,1,4,1,1,4,1,1,4,1,4,4,1,4,1,4,4,4,4,1,4,1,1,1,4,4,4,4,1,4,4,4,1,4,1,4,4,4,1,4,1,4,1,1,1,4,1,4,4,4,1,4,4,0,4,4,4,1,1,4,4,1,1,4,1,1,1,4,4,4,4,1,1,1,4,4,4,4,1,1,1,4,1,4,4,4,1,4,1,4,4,4,1,4,4,4,4,1,1,1,4,4,1,4,4,1,1,4,1,1,1,1,1,4,1,4,4,4,4,4,4,1,1,1,4,4,1,1,4,4,1,1,4,1,1,4,1,1,4,1,5,4,1,1,1,1,1,4,4,4,1,1,1,1,1,1,1,4,4,4,1,4,4,4,1,1,4,4,4,4,1,4,1,1,4,4,4,1,4,1,1,1,1,1,4,4,1,1,4,4,4,4,-1
Eswatini,4,4,4,1,4,1,1,4,1,1,4,1,4,4,1,4,1,1,4,4,4,1,1,1,1,4,4,4,4,4,1,4,4,4,1,4,4,4,4,4,4,4,1,4,1,1,1,4,1,4,4,4,4,4,4,1,0,4,4,1,1,4,3,4,1,1,1,1,4,1,4,1,4,4,1,4,4,4,4,4,1,1,1,1,1,4,4,1,4,4,1,1,4,4,1,4,1,4,4,4,1,1,1,4,1,1,4,1,4,4,1,4,4,4,1,4,1,4,1,4,1,4,4,1,1,4,4,4,1,1,4,4,4,4,1,4,4,4,1,1,1,4,1,4,1,1,4,1,1,4,4,4,1,1,1,1,1,1,1,4,1,4,1,4,4,4,1,1,4,4,1,4,1,4,1,1,4,1,4,1,1,1,1,1,1,1,4,1,1,4,4,4,1,1,-1
Ethiopia,2,2,2,2,2,2,2,2,2,2,2,2,2,2,2,2,2,2,2,2,2,2,2,2,2,2,2,2,2,2,2,2,2,2,2,2,2,2,2,2,2,2,4,2,2,2,2,1,2,2,2,2,2,2,2,2,2,0,2,2,2,2,2,2,2,2,2,2,2,2,2,2,2,2,2,2,2,2,2,2,2,2,2,2,2,2,2,1,2,2,2,2,2,2,2,2,2,2,2,2,2,2,2,2,2,2,2,2,2,2,4,2,2,2,2,2,2,2,2,2,2,2,2,2,2,2,2,2,2,2,2,2,2,2,2,2,2,2,2,2,2,2,2,2,2,2,2,2,2,3,2,2,2,2,2,2,2,2,2,2,2,2,2,2,2,2,2,2,4,2,2,2,2,2,2,2,2,2,2,2,2,2,2,2,2,2,4,2,2,2,2,2,2,2,-1
Fiji,4,4,4,4,4,1,1,4,1,1,4,1,4,1,1,4,1,1,4,4,4,4,1,1,1,1,4,4,4,4,1,4,4,4,1,1,1,4,4,4,4,4,1,4,1,1,1,4,1,4,4,4,4,4,4,1,1,4,0,1,1,4,1,1,1,1,1,1,4,1,4,1,4,4,1,1,1,1,4,4,1,1,1,1,1,4,4,1,1,4,1,4,4,4,1,4,1,4,4,1,1,1,4,1,1,1,4,1,1,4,1,1,1,1,1,4,4,4,4,4,4,1,4,1,1,4,4,1,4,1,4,4,1,4,1,1,1,1,1,1,4,1,1,4,1,1,1,1,4,4,4,1,1,1,1,1,1,1,1,4,1,4,1,4,4,4,1,1,4,4,1,1,4,4,1,1,1,1,4,1,1,1,1,1,1,1,4,1,1,1,4,4,1,1,-1
Finland,4,1,4,1,4,1,1,4,1,1,4,1,4,4,1,4,1,4,4,4,4,1,4,1,1,1,4,4,4,4,1,4,4,4,1,4,1,4,4,4,1,4,1,4,1,1,1,4,1,4,4,4,1,4,4,1,4,4,4,0,1,4,4,1,1,4,1,1,1,4,4,4,4,1,1,1,4,4,4,4,1,1,1,4,1,4,4,4,1,4,1,4,4,4,1,4,4,4,4,1,1,1,4,4,1,4,4,1,1,4,1,1,1,1,1,4,1,4,4,4,4,4,4,1,1,1,4,4,1,1,4,4,1,1,4,1,1,4,1,1,4,1,5,4,1,1,1,1,1,4,4,4,1,1,1,1,1,1,1,4,4,4,1,4,4,4,1,1,4,4,4,4,1,4,1,1,4,4,4,1,4,1,1,1,1,1,4,4,1,1,4,4,4,4,-1
France,4,1,4,1,4,1,1,4,1,1,4,1,4,4,1,4,1,4,4,4,4,1,4,1,1,1,4,4,4,4,1,4,4,4,1,4,1,4,4,4,1,4,1,4,1,1,1,4,1,4,4,4,1,4,4,1,4,4,4,1,0,4,4,1,1,4,1,1,1,4,4,4,4,1,1,1,4,4,4,4,1,1,1,4,1,4,4,4,1,4,1,4,4,4,1,4,4,4,4,1,1,1,4,4,1,4,4,1,1,4,1,1,1,1,1,4,1,4,4,4,4,4,4,1,1,1,4,4,1,1,4,4,1,1,4,1,1,4,1,1,4,1,4,4,1,1,1,1,1,4,4,4,1,1,1,1,1,1,1,4,4,4,1,4,4,4,1,1,4,4,4,4,1,4,1,1,4,4,4,1,4,1,1,1,1,1,4,4,1,1,4,4,4,4,-1
Gabon,2,2,2,2,2,2,2,2,2,2,2,2,2,2,2,2,2,2,2,2,2,2,2,2,2,2,2,2,2,1,2,2,1,1,2,2,2,2,1,4,2,2,3,2,2,2,2,2,2,2,2,2,2,1,2,2,2,2,4,2,2,0,2,2,2,2,2,2,2,4,2,2,2,2,2,2,2,2,2,2,2,2,2,2,2,2,2,2,4,2,2,2,2,2,2,2,2,2,2,2,2,2,2,2,2,2,2,2,4,2,1,2,4,2,2,2,2,1,2,2,2,4,2,2,2,2,2,2,2,2,2,2,4,2,4,2,2,2,2,2,2,2,2,2,1,2,2,4,2,4,2,2,2,2,2,2,2,2,4,2,1,2,2,2,2,2,2,2,2,2,2,2,2,2,4,2,1,2,2,4,2,2,2,2,2,2,4,4,2,2,2,4,2,2,-1
Gambia,4,1,1,1,4,1,4,4,1,4,4,1,4,1,1,1,1,1,1,1,4,4,4,4,1,1,1,4,1,4,1,1,4,4,4,4,4,4,4,4,1,1,1,1,1,4,1,4,1,1,4,4,1,4,4,1,1,4,1,1,1,4,0,4,1,1,1,1,1,1,1,1,1,1,1,1,4,1,4,4,1,4,1,1,4,4,4,1,1,1,4,4,4,1,4,4,1,1,4,1,1,1,4,1,1,1,1,1,4,1,1,1,1,4,1,1,1,1,4,1,1,1,1,1,1,1,1,1,4,1,4,4,1,1,1,1,4,1,1,1,4,1,4,4,1,1,1,1,1,1,4,1,4,1,1,1,4,1,1,4,4,4,1,1,4,1,1,4,4,4,1,4,1,1,1,1,1,4,4,1,1,4,1,1,3,4,1,1,1,4,1,4,1,1,-1
Georgia,4,1,2,1,2,1,1,1,1,1,1,1,1,4,1,1,1,1,2,2,2,1,1,1,1,1,2,2,2,4,1,2,4,4,1,2,1,4,4,2,1,4,1,2,1,1,1,2,2,1,1,1,1,2,2,1,2,2,2,1,1,4,2,0,1,2,1,2,2,2,2,2,2,1,1,1,4,2,1,4,1,1,1,2,1,1,1,2,2,2,1,1,1,2,1,1,2,4,4,1,1,1,2,2,1,2,4,1,2,2,1,1,2,1,1,2,1,4,2,2,2,2,4,1,1,4,2,4,1,1,1,4,2,1,2,2,2,2,1,1,1,1,1,2,2,2,1,2,1,4,1,2,1,1,1,1,1,1,2,4,1,4,1,4,2,2,1,1,4,1,2,1,2,2,2,2,4,1,1,2,4,1,1,1,1,1,1,2,1,4,2,4,2,2,-1
Germany,4,1,4,1,4,1,1,4,1,1,4,1,4,4,1,4,1,4,4,4,4,1,4,1,1,1,4,4,4,4,1,4,4,4,1,4,1,4,4,4,1,4,1,4,1,1,1,4,1,4,4,4,1,4,4,1,4,4,4,1,1,4,4,1,0,4,1,1,1,4,4,4,4,1,1,1,4,4,4,4,1,1,1,4,1,4,4,4,1,4,1,4,4,4,1,4,4,4,4,1,1,1,4,4,1,4,4,1,1,4,1,1,1,1,1,4,1,4,4,4,4,4,4,1,1,1,4,4,1,1,4,4,1,1,4,1,1,4,1,1,4,1,4,4,1,1,1,1,1,4,4,4,1,1,1,1,1,1,1,4,4,4,1,4,4,4,1,1,4,4,4,4,1,4,1,1,4,4,4,1,4,1,1,1,1,1,4,4,1,1,4,4,4,4,-1
Ghana,4,4,3,4,3,4,4,4,4,4,4,4,4,4,1,4,4,4,1,4,4,4,1,4,4,4,1,3,4,3,4,1,3,3,4,4,4,3,3,3,4,1,4,4,4,4,4,3,4,4,4,4,4,3,3,4,1,3,4,4,4,3,1,4,4,0,4,4,4,4,1,1,4,4,4,4,4,4,4,4,4,4,4,1,4,4,4,1,4,4,4,4,4,4,4,4,1,1,3,4,4,4,3,3,4,4,1,4,4,3,1,4,4,4,4,4,4,4,3,4,3,4,4,4,4,4,1,1,4,4,4,4,4,4,4,4,4,4,4,4,4,4,4,1,4,4,1,4,4,3,4,1,4,1,1,1,4,4,4,3,3,3,4,4,1,4,4,4,4,4,1,4,4,1,4,1,3,4,4,4,1,4,4,4,4,4,4,4,4,4,4,4,3,1,-1
Greece,4,1,4,1,4,1,1,4,1,1,4,1,4,4,1,4,1,4,4,4,4,1,4,1,1,1,4,4,4,4,1,4,4,4,1,4,1,4,4,4,1,4,1,4,1,1,1,4,1,4,4,4,1,4,4,1,4,4,4,1,1,4,4,1,1,4,0,1,1,4,4,4,4,1,1,1,4,4,4,4,1,1,1,4,1,4,4,4,1,4,1,4,4,4,1,4,4,4,4,1,1,1,4,4,1,4,4,1,1,4,1,1,1,1,1,4,1,4,4,4,4,4,4,1,1,1,4,4,1,1,4,4,1,1,4,1,1,4,1,1,4,1,4,4,1,1,1,1,1,4,4,4,1,1,1,1,1,1,1,4,4,4,1,4,4,4,1,1,4,4,4,4,1,4,1,1,4,4,4,1,4,1,1,1,1,1,4,4,1,1,4,4,4,4,-1
Grenada,4,4,4,4,4,1,1,4,1,1,4,1,4,1,1,2,1,1,4,4,4,4,1,1,1,1,4,4,4,1,1,4,4,4,1,1,4,4,4,4,1,4,1,1,1,1,1,4,1,1,1,1,4,4,4,1,1,4,4,1,1,4,1,1,1,1,1,0,4,1,4,1,4,4,1,1,1,4,4,4,1,1,1,1,1,4,4,1,1,4,1,4,4,4,1,4,1,4,4,1,1,1,4,1,1,1,4,1,4,4,1,1,4,3,1,4,3,1,1,4,1,1,4,1,1,4,4,4,3,1,4,4,4,4,1,4,1,4,2,1,4,1,1,1,1,1,1,1,1,4,4,4,1,1,1,1,1,1,1,4,1,4,1,1,4,1,1,1,4,3,1,4,4,4,1,1,4,4,3,1,1,1,1,1,1,1,3,1,1,1,4,4,1,4,-1
Guatemala,4,4,4,1,4,1,1,4,1,1,4,1,1,4,1,4,1,1,4,4,4,4,4,1,1,1,4,4,4,4,1,4,4,4,1,4,1,4,4,4,1,4,1,4,1,1,1,4,4,1,4,4,1,4,4,1,4,4,1,1,1,4,4,4,1,4,1,4,0,4,4,4,4,1,1,1,4,4,4,4,1,1,1,4,1,4,4,4,4,4,1,1,4,4,1,4,4,4,4,1,1,1,1,4,1,4,4,1,1,4,4,1,4,4,1,4,4,4,4,4,4,1,4,1,1,1,4,4,1,1,4,4,4,1,4,1,1,4,1,1,1,1,1,4,1,1,1,4,1,1,1,4,4,4,1,1,1,1,1,4,1,4,1,4,4,4,1,1,4,4,4,4,4,4,4,1,4,1,4,1,4,1,1,1,1,1,4,1,1,4,4,4,4,4,-1
Guinea,4,2,4,2,4,2,2,2,2,2,2,4,2,2,4,2,2,4,1,2,4,2,4,2,2,2,1,4,2,4,2,1,4,4,4,2,2,4,4,4,4,1,4,4,2,2,2,4,4,4,4,4,4,4,4,2,4,4,4,2,2,4,1,2,2,1,2,4,4,0,1,4,4,4,2,2,2,2,2,2,2,2,2,4,2,2,2,4,2,2,2,2,2,2,2,2,4,1,4,2,4,2,4,4,2,2,1,2,4,1,4,2,4,2,2,2,2,1,4,2,1,4,2,2,2,4,1,1,2,2,2,2,4,4,4,4,4,2,2,2,2,2,2,1,4,4,4,4,2,4,2,1,2,4,1,1,2,2,2,4,2,4,2,2,4,4,2,2,2,2,1,2,2,1,4,4,1,2,2,4,4,2,2,2,2,4,4,4,2,2,2,2,4,4,-1
Guinea-Bissau,2,2,2,2,2,3,2,3,2,2,3,3,2,3,3,3,2,2,1,3,2,2,2,2,3,2,1,2,2,2,2,1,2,2,2,2,2,2,2,2,3,1,3,2,3,2,2,2,3,2,2,2,2,2,2,2,2,2,2,2,2,2,1,2,2,1,2,3,2,2,0,2,2,2,2,2,2,2,3,2,2,2,2,3,2,2,2,2,3,3,2,2,2,2,2,2,2,1,2,2,2,2,2,2,3,2,1,3,3,2,2,2,3,2,2,2,2,2,2,3,2,3,2,2,2,2,1,1,2,2,2,2,3,2,2,2,2,2,2,2,2,2,2,2,3,3,3,3,2,3,2,1,2,2,2,2,2,2,3,2,2,2,2,2,2,3,2,2,2,2,2,3,2,1,3,3,2,2,3,3,2,2,2,2,2,2,3,3,2,2,3,2,2,2,-1
Guyana,4,1,4,4,4,1,1,4,1,1,4,1,4,4,1,4,1,1,4,4,3,4,1,1,4,4,4,4,4,4,1,4,4,4,1,4,1,4,4,4,1,4,4,1,4,4,1,4,1,1,1,1,4,4,4,4,1,4,4,1,1,4,4,4,1,1,1,1,4,4,4,0,4,4,4,4,4,1,4,4,1,4,1,1,1,4,4,4,4,1,1,4,4,4,4,4,1,4,4,4,4,1,4,4,1,4,4,4,4,4,4,4,4,4,4,4,4,4,4,4,4,4,4,1,1,4,4,4,4,1,4,4,4,1,4,4,1,4,4,1,4,4,1,4,1,1,1,4,4,4,4,4,4,4,4,4,4,4,4,4,1,4,1,4,4,1,1,1,4,4,4,4,4,3,4,1,4,4,4,4,4,4,3,1,1,1,4,4,4,4,4,4,4,4,-1
Haiti,1,1,1,1,1,1,1,1,1,1,1,1,1,1,1,1,1,1,1,1,1,1,1,1,1,1,1,1,1,1,1,1,1,1,1,1,4,1,1,1,1,1,1,4,1,1,1,1,1,4,1,1,1,1,1,1,1,1,1,1,1,1,1,1,1,1,1,1,1,1,1,1,0,1,1,1,1,1,1,1,1,1,1,1,1,1,1,1,1,1,1,1,1,1,1,1,1,1,4,1,1,1,1,1,1,1,1,1,1,1,1,1,1,1,1,1,1,1,1,1,1,1,1,1,1,1,1,1,1,1,1,1,1,4,1,1,1,1,1,1,1,1,1,1,1,1,1,1,1,1,1,1,1,1,1,1,1,1,1,1,1,1,1,1,1,1,1,1,4,1,1,1,1,1,1,1,1,1,1,1,1,1,1,1,1,1,1,1,1,1,4,4,1,1,-1
Honduras,4,4,4,1,4,1,1,4,1,1,4,1,1,4,1,4,1,1,4,4,4,4,4,1,1,1,4,4,4,4,1,4,4,4,1,4,1,4,4,4,1,4,4,4,1,1,1,4,4,1,1,1,1,4,4,1,4,4,1,1,1,4,4,4,1,4,1,4,1,4,4,4,4,0,1,1,4,4,4,4,1,1,1,4,1,4,4,4,4,4,1,1,4,4,1,4,4,4,4,1,1,1,1,4,1,4,4,1,1,4,4,1,4,4,1,4,4,4,4,4,4,1,4,1,1,1,4,4,1,1,4,4,4,1,4,1,1,4,1,1,1,1,1,4,1,1,1,4,1,1,1,4,4,4,1,1,1,1,1,4,1,4,1,4,4,4,1,1,4,4,4,4,4,4,4,1,4,1,4,1,4,1,1,1,1,1,4,1,1,4,4,4,4,4,-1
Hungary,4,1,4,1,4,1,1,4,1,1,4,1,4,4,1,4,1,4,4,4,4,1,4,1,1,1,4,4,4,4,1,4,4,4,1,4,1,4,4,4,1,4,1,4,1,1,1,4,1,4,4,4,1,4,4,1,4,4,4,1,1,4,4,1,1,4,1,1,1,4,4,4,4,1,0,1,4,4,4,4,1,1,1,4,1,4,4,4,1,4,1,4,4,4,1,4,4,4,4,1,1,1,4,4,1,4,4,1,1,4,1,1,1,1,1,4,1,4,4,4,4,4,4,1,1,1,4,4,1,1,4,4,1,1,4,1,1,4,1,1,4,1,4,4,1,1,1,1,1,4,4,4,1,1,1,1,1,1,1,4,4,4,1,4,4,4,1,1,4,4,4,4,1,4,1,1,4,4,4,1,4,1,1,1,1,1,4,4,1,1,4,4,4,4,-1
Iceland,4,1,4,1,4,1,1,4,1,1,4,1,4,4,1,4,1,4,4,4,4,1,4,1,1,1,4,4,4,4,1,4,4,4,1,4,1,4,4,4,1,4,1,4,1,1,1,4,1,4,4,4,1,4,4,1,4,4,4,1,1,4,4,1,1,4,1,1,1,4,4,4,4,1,1,0,4,4,4,4,1,1,1,4,1,4,4,4,1,4,1,4,4,4,1,4,4,4,4,1,1,1,4,4,1,4,4,1,1,4,1,1,1,1,1,4,1,4,4,4,4,4,4,1,1,1,4,4,1,1,4,4,1,1,4,1,1,4,1,1,4,1,4,4,1,1,1,1,1,4,4,4,1,1,1,1,1,1,1,4,4,4,1,4,4,4,1,1,4,4,4,4,1,4,1,1,4,4,4,1,4,1,1,1,1,1,4,4,1,1,4,4,4,4,-1
India,2,2,4,2,2,2,2,2,2,2,2,2,4,3,2,2,2,2,2,1,2,2,2,2,2,2,4,2,2,2,4,2,4,4,2,4,2,2,4,4,2,2,4,2,2,2,2,2,2,2,2,2,2,2,2,2,2,4,2,2,2,2,2,2,2,2,2,2,2,2,4,2,2,2,2,2,0,2,4,4,2,2,2,2,2,2,2,2,2,4,2,4,2,2,2,4,2,2,4,2,2,2,2,2,2,1,2,2,2,4,2,2,2,2,2,2,2,4,2,2,2,2,1,2,2,2,4,4,2,2,2,4,2,2,2,2,2,2,2,2,2,2,2,2,2,2,2,2,2,4,4,2,2,2,2,2,2,2,2,4,2,4,2,4,4,2,2,2,4,2,2,2,2,4,2,2,4,4,4,2,2,2,2,4,2,2,4,2,2,2,2,4,2,2,-1
Indonesia,4,3,4,3,4,4,3,2,3,3,4,4,3,4,4,3,3,4,4,4,4,3,4,3,1,3,4,4,1,4,3,4,4,4,3,3,3,4,4,4,4,4,3,4,3,3,3,4,4,4,3,3,4,1,4,3,4,4,4,3,3,4,4,4,3,4,3,4,4,4,4,4,4,4,3,3,3,0,4,4,3,4,3,4,3,3,4,4,4,4,3,3,4,1,3,4,4,4,4,3,3,3,4,4,1,3,4,3,4,4,4,3,4,4,3,4,4,3,4,1,4,4,4,3,3,4,4,4,1,3,3,4,4,4,4,4,3,1,3,3,3,3,3,4,4,4,4,4,3,1,3,4,3,3,1,1,3,3,4,4,3,4,3,4,4,3,3,3,4,4,4,1,3,4,4,4,3,3,4,4,4,3,3,3,3,4,3,4,3,4,1,4,4,4,-1
Iran,4,2,2,2,2,2,2,1,2,2,1,2,3,4,2,2,2,2,2,2,1,2,2,2,2,2,2,2,2,2,4,2,2,2,2,1,4,2,3,2,2,2,4,2,3,2,2,2,2,2,2,2,3,3,3,2,3,3,3,2,2,3,3,1,2,3,2,3,3,2,3,3,3,3,3,3,2,3,0,1,2,5,2,3,2,4,1,3,3,3,2,3,3,3,2,1,3,3,4,3,2,2,3,3,1,3,3,2,3,3,3,2,3,3,3,2,2,3,3,3,3,3,4,2,2,3,3,3,2,3,1,4,3,3,2,2,2,3,2,2,2,2,2,3,3,2,3,3,3,3,3,3,2,3,2,2,2,2,3,4,3,2,2,4,3,3,2,2,1,3,3,3,3,3,3,3,3,1,3,3,3,3,2,4,4,2,2,3,3,1,3,4,3,3,-1
Iraq,4,4,4,4,4,4,4,4,3,4,4,4,3,5,4,4,4,4,4,4,4,4,4,4,4,3,4,4,4,4,3,4,4,4,4,3,4,4,4,4,4,4,3,4,4,3,3,4,4,4,4,4,4,4,4,3,4,4,4,3,3,4,4,4,3,4,3,4,4,4,4,4,4,4,4,4,4,4,1,0,3,5,3,4,3,4,4,4,4,4,5,3,4,4,3,3,4,4,4,4,3,3,4,4,4,4,4,3,4,4,4,4,4,4,4,4,4,4,4,4,4,4,4,3,3,4,4,4,4,4,3,4,4,4,4,4,4,4,3,3,3,3,3,4,4,4,4,4,4,4,3,4,4,4,4,4,4,4,4,4,4,4,3,4,4,4,3,3,4,4,4,4,4,4,4,4,4,4,4,4,4,4,3,3,3,4,4,4,4,4,4,4,4,4,-1
Ireland,4,4,4,1,4,1,1,4,1,1,4,1,4,4,1,4,1,1,4,4,1,4,1,1,1,1,4,4,4,4,1,4,4,4,1,4,4,4,4,4,1,4,1,4,1,1,1,4,1,4,4,4,1,4,4,1,1,4,1,1,1,4,4,4,1,4,1,1,1,4,4,1,4,1,1,1,4,4,4,4,0,1,1,4,1,4,4,4,1,4,1,4,4,4,1,4,1,4,4,1,1,1,4,4,1,1,4,1,4,4,4,1,4,4,1,4,4,4,4,4,4,1,4,1,1,1,4,4,4,1,4,4,4,1,4,1,4,4,1,1,4,1,4,4,1,1,1,1,1,4,4,4,4,1,1,1,1,1,1,4,1,4,1,4,4,4,1,1,4,4,4,4,4,4,1,1,4,4,4,1,4,1,1,1,1,1,4,1,1,4,4,4,4,4,-1
Israel,4,1,4,1,4,4,1,4,1,1,4,1,4,5,1,1,1,1,1,4,4,4,1,1,4,1,4,4,4,4,1,4,1,4,1,4,1,4,4,4,1,4,1,4,1,1,1,4,1,1,1,1,1,4,4,1,1,4,1,1,1,4,4,1,1,4,1,1,1,1,4,4,1,1,1,1,4,4,4,4,1,0,1,1,1,4,4,4,4,4,1,4,4,4,1,4,1,4,4,1,1,1,4,1,4,4,4,1,4,4,1,1,1,1,1,1,1,4,4,4,4,1,4,1,1,4,4,4,1,1,4,4,1,1,1,1,1,1,1,1,4,1,1,4,1,1,1,4,1,4,4,4,1,4,1,1,1,1,1,4,1,4,1,4,4,1,1,1,4,4,4,4,4,4,1,1,4,4,4,4,4,1,1,1,1,1,4,1,1,4,4,4,4,4,-1
Italy,4,1,4,1,4,1,1,4,1,1,4,1,4,4,1,4,1,4,4,4,4,1,4,1,1,1,4,4,4,4,1,4,4,4,1,4,1,4,4,4,1,4,1,4,1,1,1,4,1,4,4,4,1,4,4,1,4,4,4,1,1,4,4,1,1,4,1,1,1,4,4,4,4,1,1,1,4,4,4,4,1,1,0,4,1,4,4,4,1,4,1,4,4,4,1,4,4,4,4,1,1,1,4,4,1,4,4,1,1,4,1,1,1,1,1,4,1,4,4,4,4,4,4,1,1,1,4,4,1,1,4,4,1,1,4,1,1,4,1,1,4,1,4,4,1,1,1,1,1,4,4,4,1,1,1,1,1,1,1,4,4,4,1,4,4,4,1,1,4,4,4,4,1,4,1,1,4,4,4,1,4,1,1,1,1,1,4,4,1,1,4,4,4,4,-1
Jamaica,4,3,4,1,4,1,1,3,1,1,3,1,4,1,1,3,1,1,4,4,1,3,1,1,1,3,4,4,4,4,1,4,4,4,1,1,1,4,4,4,1,4,3,4,1,1,1,4,1,4,1,1,1,4,4,3,1,4,1,1,1,4,1,3,1,1,1,1,1,1,4,1,4,4,1,1,1,4,4,4,1,1,1,0,1,4,3,1,1,4,1,4,3,4,3,4,1,4,4,1,1,1,4,1,1,1,4,1,4,4,1,1,4,3,1,4,3,4,1,4,1,1,4,1,1,4,4,4,3,1,4,4,4,1,1,1,1,4,1,1,4,3,1,4,1,1,1,1,1,4,4,4,3,1,1,1,1,3,1,4,1,4,1,4,4,1,1,1,4,3,1,4,4,4,1,1,4,1,3,1,1,1,4,1,1,1,3,1,4,1,4,4,1,4,-1
Japan,4,4,4,1,4,4,1,4,1,1,4,1,4,4,1,4,1,4,4,4,4,4,4,4,1,1,4,4,4,4,1,4,4,4,1,4,4,4,4,4,1,4,1,4,1,1,4,4,4,1,4,4,1,4,4,1,4,4,4,1,1,4,4,4,1,4,1,4,1,4,4,4,4,1,1,1,4,1,4,4,1,1,1,4,0,4,4,4,4,5,1,4,4,4,1,4,1,4,4,1,1,1,4,4,1,4,4,1,4,4,1,1,4,4,1,4,4,4,4,4,4,4,4,1,1,4,4,4,1,4,4,4,4,4,4,4,4,4,1,1,4,1,4,4,4,4,4,4,1,4,4,4,1,4,1,1,1,1,4,4,4,4,1,4,4,1,4,1,4,4,4,1,4,4,4,4,4,1,4,4,4,4,1,1,1,1,4,4,4,4,4,4,4,4,-1
Jordan,4,4,3,3,4,3,3,3,3,3,3,3,1,4,3,3,3,4,4,3,3,3,4,3,3,3,4,4,4,4,3,3,4,4,3,3,3,4,4,4,3,4,3,4,3,3,3,4,3,3,3,3,3,4,4,3,3,4,3,3,3,4,4,3,3,3,3,3,3,4,4,3,3,3,3,3,3,3,4,4,3,1,3,3,3,0,3,3,3,3,3,1,3,4,3,1,3,4,4,3,3,3,4,3,3,3,4,3,3,4,3,3,3,4,3,4,3,3,4,4,4,3,4,3,3,3,4,4,3,3,1,4,3,3,4,3,3,4,3,3,1,3,3,3,3,3,3,3,3,3,1,4,3,3,3,3,3,3,3,4,3,4,3,4,4,3,3,3,4,3,4,3,3,4,3,3,1,1,3,3,4,3,1,3,3,3,3,3,3,3,4,4,4,3,-1
Kazakhstan,4,4,4,4,4,4,1,1,1,1,1,4,1,4,4,1,1,4,4,4,4,4,4,1,4,1,4,4,4,4,1,4,4,4,1,1,1,4,4,4,4,4,1,4,1,1,1,4,4,4,1,1,4,4,4,1,4,4,4,1,1,4,4,1,1,4,1,4,4,4,4,4,4,4,1,1,1,1,1,4,1,1,1,4,1,4,0,4,4,4,1,1,1,4,1,4,4,4,4,1,1,1,4,4,1,1,4,1,4,4,4,1,4,1,1,1,4,2,4,4,4,4,4,1,1,4,4,4,4,1,1,4,4,4,4,4,4,1,1,1,1,1,1,4,4,2,4,4,4,4,1,4,1,4,1,1,1,1,4,4,4,4,1,2,4,4,1,1,4,1,2,1,4,4,4,4,4,1,4,4,4,1,1,1,1,4,1,4,1,4,1,4,4,4,-1
Kenya,2,2,2,2,2,2,2,2,2,2,2,1,2,2,1,2,2,1,2,2,2,2,1,2,1,2,2,1,2,2,2,2,2,2,2,2,2,2,2,2,2,2,4,2,1,2,2,2,1,2,2,2,2,2,2,2,1,1,1,2,2,2,1,2,2,1,2,1,2,1,2,2,2,2,2,2,2,2,2,4,2,2,2,1,2,2,2,0,1,4,2,2,2,2,2,2,1,2,2,2,2,2,2,1,1,1,4,2,2,2,1,2,2,2,2,2,2,2,2,2,1,1,2,2,2,2,2,2,2,2,2,2,2,2,1,2,2,2,2,2,2,2,2,1,1,1,1,1,1,3,2,4,2,1,1,1,2,2,1,2,1,1,2,2,2,2,2,2,4,2,1,2,2,2,1,1,2,2,2,1,1,2,2,2,2,2,2,1,2,2,2,2,1,1,-1
Kiribati,4,4,4,4,4,1,4,4,1,1,4,1,4,4,1,4,1,1,4,4,4,4,4,4,1,1,4,4,4,4,1,4,4,4,4,4,4,4,4,4,4,4,1,4,1,1,1,4,4,4,4,4,4,4,4,1,4,4,1,1,1,4,4,4,1,4,1,1,4,4,4,4,4,4,1,1,4,4,4,4,1,4,1,1,1,4,4,1,0,4,1,4,4,4,1,4,1,4,4,1,1,1,4,1,1,4,4,1,1,4,1,4,1,4,4,4,4,4,4,4,4,1,4,1,1,4,4,4,4,1,4,4,1,4,4,4,4,4,1,1,4,1,4,4,1,1,1,1,4,4,4,4,4,1,1,1,1,1,1,4,4,4,1,4,4,4,1,1,4,4,4,4,4,4,1,1,1,4,4,1,3,4,4,1,1,4,4,1,4,4,4,4,1,1,-1
North Korea,4,4,1,4,4,2,4,4,4,4,4,4,4,4,4,4,4,4,1,4,4,4,4,4,4,4,1,4,4,1,4,1,4,1,4,4,4,4,4,4,4,1,4,4,4,4,4,4,4,4,4,4,4,4,4,4,4,4,4,4,2,4,1,4,2,4,4,4,4,4,4,4,4,4,4,4,4,4,4,4,4,4,4,4,4,4,4,4,4,0,3,4,4,4,4,4,4,4,4,4,4,4,4,4,5,4,4,4,4,4,4,4,4,4,4,4,4,4,4,4,4,4,4,4,4,4,4,4,4,4,4,4,4,4,4,4,4,4,4,4,4,4,4,4,4,4,4,4,4,4,4,4,4,4,4,4,4,4,4,4,4,4,4,4,4,4,4,4,4,4,4,4,4,4,4,4,4,4,4,4,4,4,4,4,5,4,4,4,4,4,4,4,4,4,-1
South Korea,4,4,4,1,1,1,1,4,1,1,4,1,4,4,1,4,1,1,1,4,1,4,1,1,4,4,4,4,4,2,1,1,4,4,1,2,4,4,4,2,1,4,2,4,1,1,1,4,4,4,1,1,4,4,4,4,1,2,4,1,1,1,4,4,1,4,1,2,1,4,4,1,1,1,1,1,4,4,4,4,2,2,1,1,2,4,1,4,1,3,0,1,4,4,1,4,1,4,4,1,1,2,4,4,2,4,4,1,1,4,1,2,1,4,1,4,1,2,4,4,4,1,4,1,2,1,4,4,4,2,1,4,1,1,4,2,1,4,2,2,1,1,1,4,1,1,1,1,1,4,2,4,2,1,2,2,1,1,1,4,1,4,2,4,4,1,2,1,4,4,4,1,4,4,1,1,1,2,4,1,4,4,2,2,2,2,4,4,1,2,4,4,4,4,-1
Kuwait,4,4,4,4,4,1,4,4,1,1,4,1,4,4,1,4,1,1,4,4,4,4,4,4,1,1,4,4,4,4,1,4,4,4,4,4,4,4,4,4,4,4,3,4,1,1,1,4,4,4,4,4,4,4,4,1,4,4,1,1,1,4,4,4,1,4,2,4,4,4,4,4,4,4,2,2,4,4,4,4,2,5,2,4,2,4,4,4,4,4,2,0,4,2,2,4,4,4,4,2,2,2,4,4,2,4,4,2,4,4,4,4,4,4,2,4,4,4,4,4,4,4,4,2,2,4,4,4,4,2,1,4,4,4,4,4,4,4,2,2,1,2,4,4,4,4,4,4,2,4,1,4,2,4,2,2,2,2,4,4,4,4,2,4,4,4,2,2,4,4,4,4,4,4,4,4,4,2,4,4,4,2,1,2,2,4,4,4,2,4,4,4,4,4,-1
Kyrgyzstan,4,4,4,4,4,1,4,1,1,1,4,1,4,4,1,1,1,1,4,4,4,4,4,4,1,1,4,4,4,4,1,4,4,4,4,4,4,4,4,4,4,4,1,4,1,1,1,4,4,4,4,4,4,4,2,1,4,4,1,1,1,4,4,4,1,2,1,2,2,2,2,2,2,2,1,1,2,2,2,2,1,1,1,2,1,2,1,2,2,1,1,1,0,2,1,2,2,2,2,1,1,1,2,2,1,1,2,1,2,2,2,1,2,1,1,1,1,2,2,2,2,2,2,1,1,2,2,2,1,1,1,2,2,2,2,2,2,2,1,1,1,1,1,2,2,2,2,2,1,4,1,2,1,2,1,1,1,1,2,2,2,2,1,2,2,2,1,1,2,1,2,1,2,2,2,2,2,1,2,2,2,1,1,1,1,2,1,2,1,2,1,2,2,2,-1
Laos,4,4,4,4,4,1,4,2,1,1,4,1,4,4,1,2,1,1,4,4,4,4,4,4,1,1,4,4,4,4,1,4,4,4,4,4,4,4,4,4,4,4,3,4,1,1,1,4,4,4,4,4,4,4,2,1,4,4,1,1,1,4,4,4,1,4,2,2,2,2,4,2,2,2,2,2,2,1,4,4,2,2,2,2,1,4,2,2,2,2,1,2,2,0,2,4,4,4,4,2,2,1,2,2,1,2,2,2,2,2,2,2,2,2,2,1,2,2,4,1,2,4,2,2,2,2,4,4,2,2,2,4,2,2,2,2,2,1,2,2,2,2,1,2,2,2,2,2,2,3,2,4,2,2,1,1,2,2,2,2,2,2,2,2,2,4,2,1,4,2,2,1,2,2,4,2,2,2,2,2,2,2,2,2,2,2,3,2,2,2,1,2,4,4,-1
Latvia,4,4,4,4,4,1,4,4,1,1,4,1,4,4,1,4,1,1,4,4,4,4,4,4,1,1,4,4,4,4,1,4,4,4,4,4,4,4,4,4,4,4,1,4,1,1,1,4,4,4,4,4,4,4,4,1,4,4,1,1,1,4,4,4,1,4,1,1,1,4,4,4,4,1,1,1,4,4,4,4,1,1,1,4,1,4,4,4,1,4,1,4,4,4,0,4,4,4,4,1,1,1,4,4,1,4,4,1,1,4,1,1,1,1,1,4,1,4,4,4,4,4,4,1,1,1,4,4,1,1,4,4,1,1,4,1,1,4,1,1,4,1,5,4,1,1,1,1,1,4,4,4,1,1,1,1,1,1,1,4,4,4,1,4,4,4,1,1,4,4,4,4,1,4,1,1,4,4,4,1,4,1,1,1,1,1,4,4,1,1,4,4,4,4,-1
Lebanon,4,4,4,4,4,1,4,3,1,1,4,1,4,4,1,3,1,1,4,4,4,4,4,4,1,1,4,4,4,4,1,4,4,4,4,4,4,4,4,4,4,4,3,4,1,1,1,4,4,4,4,4,4,4,4,1,4,4,1,1,1,4,4,4,1,4,3,4,4,4,4,4,4,4,3,3,4,4,3,1,3,5,3,4,3,1,2,4,4,4,3,1,3,4,3,0,4,4,4,3,3,3,4,4,3,4,4,3,4,4,4,3,4,3,3,4,3,3,4,4,4,4,4,3,3,4,4,4,3,3,1,4,4,3,4,3,3,4,3,3,1,3,3,4,3,4,4,3,3,4,1,4,3,4,3,3,3,3,4,4,4,4,3,4,4,4,3,3,4,3,4,4,4,4,4,4,3,3,3,4,4,3,1,3,3,3,3,4,4,3,4,4,4,4,-1
Lesotho,4,4,4,4,4,1,4,2,1,1,4,1,4,4,1,2,1,1,4,4,4,4,4,4,1,1,4,4,4,4,1,4,4,4,4,4,4,2,4,4,2,4,4,4,1,1,1,4,4,4,4,4,4,4,2,1,4,4,1,1,1,4,4,4,1,1,2,1,2,1,2,1,2,2,2,1,2,2,2,2,1,1,1,1,1,2,2,1,1,2,1,2,2,2,2,2,0,2,2,2,2,1,2,1,1,1,2,1,2,2,1,2,2,2,2,2,2,2,1,2,1,1,2,1,1,2,2,2,2,1,2,2,2,2,1,2,2,2,2,1,2,2,2,2,1,1,1,1,1,4,2,2,2,1,1,1,2,2,1,2,1,2,1,1,2,2,1,1,2,2,1,2,2,2,1,1,2,2,2,1,1,2,2,1,1,2,4,1,2,2,2,2,1,1,-1
Liberia,4,4,4,4,4,4,4,4,4,4,4,4,4,4,4,4,4,1,1,4,4,4,4,4,4,4,1,4,4,4,4,1,4,4,4,4,4,4,4,4,4,1,4,4,4,4,4,4,4,4,4,4,4,4,4,4,4,4,4,4,4,4,1,4,4,1,4,4,4,4,1,4,4,4,4,4,4,4,4,4,4,4,4,4,4,4,4,4,4,4,4,4,4,4,4,4,4,0,4,4,4,4,4,4,4,4,1,4,4,4,4,4,4,4,4,4,4,4,4,4,4,4,4,4,4,4,1,1,4,4,4,4,4,4,4,4,4,4,4,4,4,4,4,4,4,4,4,4,4,4,4,1,4,4,4,4,4,4,4,4,4,4,4,4,4,4,4,4,4,4,4,4,4,1,4,4,4,4,4,4,4,4,4,4,4,4,4,4,4,4,4,4,4,4,-1
Libya,4,4,4,4,4,4,4,4,4,4,4,4,4,5,4,4,4,4,4,4,4,4,4,4,4,4,4,4,4,4,4,4,4,4,4,4,4,4,4,4,4,4,4,4,4,4,4,4,4,4,4,4,4,4,4,4,4,4,4,4,4,4,4,4,4,4,4,4,4,4,4,4,4,4,4,4,4,4,5,4,4,5,4,4,4,1,4,4,4,4,5,4,4,4,4,4,4,4,0,4,4,4,4,4,4,4,4,4,4,4,4,4,4,4,4,4,4,4,4,4,4,4,4,4,4,4,4,4,4,4,4,4,4,4,4,4,4,4,4,4,4,4,4,4,4,4,4,4,4,4,4,4,4,4,4,4,4,4,4,4,4,4,4,4,5,4,4,4,5,4,4,4,4,4,4,4,1,4,4,4,4,4,4,4,4,4,4,4,4,4,4,5,4,4,-1
Liechtenstein,4,1,4,1,4,1,1,4,1,1,4,1,4,4,1,4,1,4,4,4,4,1,4,1,1,1,4,4,4,4,1,4,4,4,1,4,1,4,4,4,1,4,1,4,1,1,1,4,1,4,4,4,1,4,4,1,4,4,4,1,1,4,4,1,1,4,1,1,1,4,4,4,4,1,1,1,4,4,4,4,1,1,1,4,1,4,4,4,1,4,1,4,4,4,1,4,4,4,4,0,1,1,4,4,1,4,4,1,1,4,1,1,1,1,1,4,1,4,4,4,4,4,4,1,1,1,4,4,1,1,4,4,1,1,4,1,1,4,1,1,4,1,4,4,1,1,1,1,1,4,4,4,1,1,1,1,1,1,1,4,4,4,1,4,4,4,1,1,4,4,4,4,1,4,1,1,4,4,4,1,4,1,1,1,1,1,4,4,1,1,4,4,4,4,-1
Lithuania,4,1,4,1,4,1,1,4,1,1,4,1,4,4,1,4,1,4,4,4,4,1,4,1,1,1,4,4,4,4,1,4,4,4,1,4,1,4,4,4,1,4,1,4,1,1,1,4,1,4,4,4,1,4,4,1,4,4,4,1,1,4,4,1,1,4,1,1,1,4,4,4,4,1,1,1,4,4,4,4,1,1,1,4,1,4,4,4,1,4,1,4,4,4,1,4,4,4,4,1,0,1,4,4,1,4,4,1,1,4,1,1,1,1,1,4,1,4,4,4,4,4,4,1,1,1,4,4,1,1,4,4,1,1,4,1,1,4,1,1,4,1,5,4,1,1,1,1,1,4,4,4,1,1,1,1,1,1,1,4,4,4,1,4,4,4,1,1,4,4,4,4,1,4,1,1,4,4,4,1,4,1,1,1,1,1,4,4,1,1,4,4,4,4,-1
Luxembourg,4,1,4,1,4,1,1,4,1,1,4,1,4,4,1,4,1,4,4,4,4,1,4,1,1,1,4,4,4,4,1,4,4,4,1,4,1,4,4,4,1,4,1,4,1,1,1,4,1,4,4,4,1,4,4,1,4,4,4,1,1,4,4,1,1,4,1,1,1,4,4,4,4,1,1,1,4,4,4,4,1,1,1,4,1,4,4,4,1,4,1,4,4,4,1,4,4,4,4,1,1,0,4,4,1,4,4,1,1,4,1,1,1,1,1,4,1,4,4,4,4,4,4,1,1,1,4,4,1,1,4,4,1,1,4,1,1,4,1,1,4,1,4,4,1,1,1,1,1,4,4,4,1,1,1,1,1,1,1,4,4,4,1,4,4,4,1,1,4,4,4,4,1,4,1,1,4,4,4,1,4,1,1,1,1,1,4,4,1,1,4,4,4,4,-1
Madagascar,2,2,2,2,2,2,2,2,2,2,2,2,2,2,2,2,2,2,2,2,2,2,2,2,2,2,2,4,2,2,2,2,2,2,2,2,2,2,2,2,2,2,3,2,2,2,2,2,2,2,2,2,2,2,2,2,2,2,2,2,2,2,2,2,2,2,2,2,2,2,2,2,2,2,2,2,3,2,2,2,2,2,2,2,2,2,2,2,2,2,2,2,2,2,2,2,2,2,2,2,2,2,0,2,2,2,2,2,2,2,2,2,2,2,2,2,2,2,2,2,2,2,2,2,2,2,2,2,2,2,2,2,2,2,2,2,2,2,2,2,2,2,2,2,2,2,2,2,2,3,2,2,2,2,2,2,2,2,2,2,2,2,2,2,2,2,2,2,2,2,2,2,2,2,2,2,2,2,2,2,2,2,2,2,2,2,3,2,2,2,2,2,2,2,-1
Malawi,4,2,2,2,4,1,2,2,2,2,2,1,2,2,1,2,2,1,4,2,2,2,1,2,2,2,4,4,2,4,2,3,4,4,2,2,2,3,3,3,3,3,3,4,2,2,2,4,1,3,2,2,4,3,4,2,1,4,1,2,2,3,1,2,2,2,2,1,3,4,3,3,4,4,2,2,2,2,2,2,2,1,2,1,2,2,2,1,1,2,2,2,3,2,2,2,1,4,4,2,3,2,3,0,1,2,4,2,3,4,1,2,3,2,2,2,2,2,1,2,1,1,2,2,2,4,4,4,2,2,2,2,3,3,4,2,3,2,2,2,2,2,2,4,1,1,1,1,2,3,2,4,2,1,2,2,2,2,3,4,1,4,2,2,4,3,2,2,2,2,1,2,2,4,3,1,4,2,2,1,1,2,2,2,2,2,4,3,2,2,2,2,1,1,-1
Malaysia,4,1,1,1,4,1,1,1,1,1,1,1,1,2,1,1,1,1,1,2,1,1,1,1,1,1,4,4,1,4,1,1,4,1,1,2,2,1,4,4,1,4,1,1,1,1,1,4,1,1,1,1,1,4,4,1,1,4,1,1,1,1,1,1,1,4,1,1,1,1,4,1,1,1,1,1,2,1,1,1,1,4,1,1,1,1,1,1,1,4,1,1,1,1,1,1,1,4,1,1,1,1,1,1,0,1,4,1,1,1,1,1,4,1,1,1,2,1,4,2,1,1,2,1,1,1,4,4,1,1,1,2,1,1,1,1,1,1,1,1,1,1,1,4,1,1,1,1,1,1,1,1,2,1,1,1,1,1,1,1,1,1,1,2,1,1,1,1,1,1,1,1,1,1,1,1,1,1,1,1,1,1,1,1,1,1,1,1,1,1,1,1,1,1,-1
Maldives,3,3,3,3,3,3,3,3,3,3,3,3,3,3,3,3,3,3,3,3,3,3,3,3,3,3,3,3,3,3,3,3,3,3,3,3,3,3,3,3,3,3,3,3,3,3,3,3,3,3,3,3,3,3,3,3,3,3,3,3,3,3,3,3,3,3,3,3,3,3,3,3,3,3,3,3,1,3,3,3,3,3,3,3,3,3,1,3,3,3,3,3,1,3,3,3,3,3,3,3,3,3,3,3,3,0,3,3,3,3,3,3,3,3,3,3,3,3,3,3,3,3,3,3,3,3,3,3,3,3,3,3,3,3,3,3,3,3,3,3,3,3,1,3,3,3,3,3,3,3,3,3,3,3,3,3,3,3,3,3,3,3,3,3,3,3,3,3,3,3,3,1,3,3,3,3,3,3,3,3,3,3,3,3,3,3,3,3,3,3,3,3,3,3,-1
Mali,4,4,1,1,4,4,4,4,4,4,4,4,4,4,4,4,4,4,1,4,4,4,4,4,4,4,1,4,4,4,4,1,4,1,4,4,4,4,4,4,4,1,4,4,4,4,4,4,4,4,4,4,4,4,4,4,4,4,4,4,4,4,1,4,4,1,4,4,4,4,1,4,4,4,4,4,4,1,4,4,4,4,4,4,4,4,4,3,4,4,4,4,4,4,4,4,4,1,4,4,4,4,4,4,4,4,0,4,4,1,4,4,4,4,1,4,4,1,4,4,4,4,4,4,4,4,1,1,4,4,4,4,4,4,4,4,4,4,4,4,4,4,4,3,4,4,4,4,4,4,4,1,4,4,4,4,4,4,4,4,4,4,4,4,4,4,4,4,5,4,4,4,4,1,4,4,1,4,4,4,4,4,1,4,4,4,4,4,4,4,4,4,4,4,-1
Malta,4,1,4,1,4,1,1,4,1,1,4,1,4,4,1,4,1,4,4,4,4,1,4,1,1,1,4,4,4,4,1,4,4,4,1,4,1,4,4,4,1,4,1,4,1,1,1,4,1,4,4,4,1,4,4,1,4,4,4,1,1,4,4,1,1,4,1,1,1,4,4,4,4,1,1,1,4,4,4,4,1,1,1,4,1,4,4,4,1,4,1,4,4,4,1,4,4,4,4,1,1,1,4,4,1,4,4,0,1,4,1,1,1,1,1,4,1,4,4,4,4,4,4,1,1,1,4,4,1,1,4,4,1,1,4,1,1,4,1,1,4,1,4,4,1,1,1,1,1,4,4,4,1,1,1,1,1,1,1,4,4,4,1,4,4,4,1,1,4,4,4,4,1,4,1,1,4,4,4,1,4,1,1,1,1,1,4,4,1,1,4,4,4,4,-1
Marshall Islands,4,4,4,3,4,4,3,4,3,1,3,4,4,4,3,4,1,3,4,4,4,4,4,3,3,1,4,4,3,4,3,4,4,4,3,4,3,4,4,4,3,4,1,3,1,1,1,4,4,4,4,4,4,4,4,1,4,4,3,1,1,4,4,3,1,4,1,4,3,3,4,4,4,4,1,3,3,3,4,4,1,3,1,4,3,4,3,4,3,4,3,3,3,4,1,4,4,4,4,4,1,1,4,4,3,4,4,1,0,4,3,3,1,4,3,3,4,3,4,4,4,3,4,1,3,4,4,4,4,3,4,4,1,4,3,4,3,3,1,1,4,1,3,4,4,4,3,3,4,4,4,4,4,3,3,3,1,1,3,4,3,4,1,4,4,4,1,3,4,3,4,3,4,4,3,4,4,3,3,3,4,1,3,1,1,3,4,3,3,4,3,4,4,4,-1
Mauritania,3,3,1,3,3,3,3,3,3,3,3,3,3,3,3,3,3,3,3,3,3,3,3,3,3,3,3,3,3,3,3,3,3,3,3,3,3,3,3,3,3,1,3,3,3,3,3,3,3,3,3,3,3,3,3,3,3,3,3,3,3,3,1,3,3,3,3,3,3,3,3,3,3,3,3,3,3,3,3,3,3,3,3,3,3,3,3,3,3,3,3,3,3,3,3,3,3,3,1,3,3,3,3,3,3,3,1,3,3,0,3,3,3,3,3,3,3,3,3,3,3,3,3,3,3,3,1,3,3,3,3,3,3,3,3,3,3,3,3,3,3,3,3,3,3,3,3,3,3,3,3,1,3,3,3,3,3,3,3,3,3,3,3,3,3,3,3,3,4,3,3,3,3,3,3,3,1,3,3,3,3,3,3,3,3,3,3,3,3,3,3,3,3,3,-1
Mauritius,4,3,3,3,1,1,1,3,1,1,3,1,1,4,1,3,1,1,1,3,3,3,1,1,1,1,3,1,3,3,1,1,3,1,1,1,3,3,1,1,1,3,1,3,1,1,1,3,1,3,3,3,1,3,3,1,1,3,1,1,1,1,1,1,1,1,1,1,1,1,3,4,3,1,1,1,1,3,4,4,1,1,1,1,1,3,3,1,1,4,1,1,3,4,1,3,1,3,4,1,1,1,3,1,1,1,4,1,3,1,0,1,3,3,1,3,3,3,1,3,1,1,3,1,1,1,3,3,3,1,1,4,3,1,1,1,3,3,1,1,1,1,1,1,1,1,1,1,1,3,1,3,3,1,1,1,1,1,1,4,1,4,1,3,4,1,1,1,4,3,1,3,4,3,1,1,1,1,3,1,1,1,1,1,1,1,3,1,1,3,3,4,1,1,-1
Mexico,4,4,4,1,4,4,1,4,1,1,4,1,4,4,1,4,1,1,4,4,1,4,4,4,4,1,4,4,4,4,1,4,4,4,1,4,1,4,4,4,1,4,1,4,1,1,1,4,4,4,4,4,4,4,4,1,4,4,4,1,1,4,4,4,1,4,1,4,4,4,4,4,4,4,1,1,4,4,4,4,1,1,1,1,1,4,4,4,4,4,1,4,4,4,1,4,4,4,4,1,1,1,4,4,1,4,4,1,1,4,4,0,1,4,1,4,4,4,4,4,4,4,4,1,1,4,4,4,4,1,4,4,1,1,4,1,1,4,1,1,4,1,2,4,4,4,4,4,1,4,4,4,4,4,1,1,1,1,4,4,4,4,1,4,4,4,1,1,4,4,4,4,4,4,4,1,4,2,4,4,4,2,1,1,1,1,4,4,1,4,4,4,4,4,-1
Micronesia,1,1,1,1,1,1,1,1,1,1,1,1,1,1,1,1,1,1,1,1,1,1,1,1,1,1,1,1,1,1,1,1,1,1,1,1,1,1,1,1,1,1,1,1,1,1,1,1,1,1,1,1,1,1,1,1,1,1,1,1,1,1,1,1,1,1,1,1,1,1,1,1,1,1,1,1,1,1,1,1,1,1,1,1,1,1,1,1,1,1,1,1,1,1,1,1,1,1,1,1,1,1,1,1,1,1,1,1,1,1,1,1,0,1,1,1,1,1,1,1,1,1,1,1,1,1,1,1,1,1,1,1,1,1,1,1,1,1,1,1,1,1,1,1,1,1,1,1,1,1,1,1,1,1,1,1,1,1,1,1,1,1,1,1,1,1,1,1,1,1,1,1,1,1,1,1,1,1,1,1,1,1,1,1,1,1,1,1,1,1,1,1,1,1,-1
Moldova,4,1,2,1,4,1,1,1,1,1,1,1,4,4,1,1,1,4,4,4,4,1,2,1,1,1,4,4,4,4,1,4,4,4,1,4,1,4,4,4,1,4,1,1,1,1,1,4,1,4,1,1,1,4,4,1,4,4,4,1,1,4,4,1,1,4,1,1,1,4,4,4,4,1,1,1,4,2,4,4,1,1,1,4,1,4,1,4,1,4,1,4,1,4,1,4,4,4,4,1,1,1,4,4,1,4,4,1,1,4,1,1,1,0,1,4,1,4,4,4,4,4,4,1,1,1,4,4,1,1,4,4,1,1,4,1,1,4,1,1,4,1,1,4,1,1,1,1,1,4,4,4,1,1,1,1,1,1,1,4,4,4,1,4,4,4,1,1,4,1,4,2,1,4,1,1,4,1,4,1,4,1,1,1,1,1,1,1,1,1,4,4,4,4,-1
Monaco,4,1,4,1,4,1,1,4,1,1,4,1,4,4,1,4,1,4,4,4,4,1,4,1,1,1,4,4,4,4,1,4,4,4,1,4,1,4,4,4,1,4,1,4,1,1,1,4,1,4,4,4,1,4,4,1,4,4,4,1,1,4,4,1,1,4,1,1,1,4,4,4,4,1,1,1,4,4,4,4,1,1,1,4,1,4,4,4,1,4,1,4,4,4,1,4,4,4,4,1,1,1,4,4,1,4,4,1,1,4,1,1,1,1,0,4,1,4,4,4,4,4,4,1,1,1,4,4,1,1,4,4,1,1,4,1,1,4,1,1,4,1,4,4,1,1,1,1,1,4,4,4,1,1,1,1,1,1,1,4,4,4,1,4,4,4,1,1,4,4,4,4,1,4,1,1,4,4,4,1,4,1,1,1,1,1,4,4,1,1,4,4,4,4,-1
Mongolia,4,4,4,4,4,4,1,4,4,4,4,4,4,4,4,1,4,4,4,4,4,4,4,1,4,4,4,4,4,4,1,4,4,4,1,4,4,4,4,4,4,4,3,1,3,4,3,4,4,4,1,1,4,4,4,3,4,4,4,3,2,4,4,4,1,4,3,4,4,4,4,4,4,4,2,4,4,4,4,4,3,1,4,4,1,4,1,4,4,4,1,3,1,1,3,4,4,4,4,4,2,3,4,4,1,4,4,3,4,4,4,4,4,4,4,0,4,4,4,4,4,4,4,3,4,4,4,4,4,4,4,4,4,4,4,4,1,1,2,3,3,3,1,4,4,4,4,4,4,4,4,4,1,4,1,1,3,3,4,4,4,4,3,4,4,4,4,4,4,4,4,1,4,4,4,4,4,1,4,4,4,1,2,2,1,1,1,4,4,4,4,4,4,4,-1
Montenegro,4,1,4,1,4,1,1,1,1,1,1,1,4,4,1,1,1,4,4,4,4,1,4,1,1,1,4,4,4,4,1,4,4,4,1,4,1,4,4,4,1,4,1,1,1,1,1,4,1,4,1,1,1,4,4,1,4,4,4,1,1,4,4,1,1,4,1,1,1,4,4,4,4,1,1,1,4,4,4,4,1,1,1,4,1,4,1,4,4,4,1,1,4,4,1,4,4,4,4,1,1,1,4,4,1,4,4,1,4,4,1,1,4,1,1,4,0,4,4,4,4,4,4,1,1,1,4,4,1,1,4,4,4,1,4,1,1,4,1,1,1,1,1,4,1,1,1,1,1,4,1,4,1,1,1,1,1,1,4,4,4,4,1,4,4,4,1,1,4,4,4,4,1,4,4,1,4,1,4,4,4,1,1,1,1,1,4,1,1,1,4,4,4,4,-1
Morocco,4,4,1,1,4,4,1,4,1,1,4,4,1,4,4,2,1,4,4,4,4,4,2,1,4,1,1,4,4,4,1,4,4,4,1,1,1,4,2,4,4,1,1,4,1,1,1,4,4,1,4,4,4,4,4,1,4,4,4,1,1,1,4,4,1,4,1,4,4,4,4,4,4,4,1,1,4,1,4,4,1,2,1,4,1,4,4,4,4,4,1,1,4,4,1,4,4,4,4,1,1,1,4,4,1,1,2,1,4,4,4,1,4,4,1,4,4,0,4,4,4,4,4,1,1,4,1,4,4,1,1,4,4,4,4,4,1,1,1,1,1,1,1,4,4,4,4,4,1,4,1,1,4,4,1,1,1,1,4,4,4,4,1,4,4,4,1,1,4,4,4,2,4,4,4,4,1,1,4,4,4,4,1,1,1,4,4,4,4,2,4,4,4,4,-1
Mozambique,3,3,3,3,1,3,3,3,3,3,3,3,3,4,3,3,3,3,3,3,3,3,1,3,3,3,3,3,3,3,3,1,3,3,3,3,3,3,3,3,3,3,3,3,3,3,3,3,3,3,3,3,3,3,4,3,1,3,3,3,3,3,3,3,3,3,3,3,3,3,3,3,3,3,3,3,4,3,3,3,3,3,3,3,3,3,3,3,3,3,3,3,3,3,3,3,3,3,3,3,3,3,3,1,3,3,3,3,3,3,1,3,3,3,3,3,3,3,0,3,3,3,3,3,3,3,3,3,3,3,3,3,3,3,3,3,3,3,3,3,3,3,3,3,3,3,3,3,3,3,3,3,3,3,3,3,3,3,3,4,1,3,3,4,3,3,3,3,3,3,1,3,3,3,3,3,3,3,3,3,1,3,3,3,3,3,3,3,3,3,3,3,1,1,-1
Myanmar,4,2,2,4,4,4,2,4,2,2,4,4,4,2,4,2,2,2,4,2,2,2,2,2,1,2,4,4,1,2,2,4,4,4,2,2,2,4,2,4,2,2,4,4,2,2,2,4,4,4,2,2,4,4,2,2,4,4,2,2,2,4,4,2,2,2,2,4,2,2,4,4,4,4,2,2,2,1,4,4,2,2,2,2,2,2,2,2,2,2,2,2,4,1,2,4,4,4,4,4,2,2,4,4,2,2,4,2,2,4,2,2,2,4,2,2,4,2,4,0,4,2,2,2,2,4,4,4,4,2,4,2,2,2,2,4,2,1,2,2,2,2,1,4,4,4,4,2,4,4,2,4,2,4,1,1,2,2,2,4,2,4,2,2,4,4,2,2,4,4,4,1,4,4,2,4,4,2,4,2,2,2,4,2,2,2,4,2,4,2,1,4,4,4,-1
Namibia,4,4,4,4,1,4,4,1,1,1,1,4,4,4,4,1,1,4,3,4,4,4,1,1,4,3,3,3,3,3,1,3,3,3,3,4,4,3,4,4,4,3,4,1,4,3,1,3,4,4,4,4,4,3,3,4,1,4,4,1,1,3,3,4,1,4,4,4,4,4,3,4,4,4,3,1,4,4,4,4,1,4,1,1,1,4,1,1,4,4,3,4,1,4,4,4,1,3,4,1,4,1,3,1,1,4,4,4,4,4,1,3,4,1,4,4,4,4,1,4,0,4,4,1,1,3,4,3,4,1,4,4,4,4,4,4,4,4,3,1,4,3,1,3,4,4,4,4,4,3,4,4,4,1,1,1,3,4,4,4,1,4,1,4,4,4,1,1,4,1,1,3,4,3,4,4,3,3,1,4,3,1,3,1,1,4,1,4,4,3,3,4,1,1,-1
Nauru,4,4,4,4,4,4,4,4,4,4,4,4,4,4,4,2,4,4,4,4,4,4,4,4,4,4,4,4,4,4,4,4,4,4,4,4,4,4,4,4,4,4,4,4,4,4,4,4,4,4,4,4,4,4,4,4,4,4,3,4,4,4,4,4,4,4,4,4,4,3,4,4,4,4,4,4,4,4,4,4,4,1,4,4,4,4,4,4,4,4,4,4,4,4,4,4,4,4,4,4,4,4,4,4,4,4,4,4,3,4,4,4,3,4,4,4,4,4,4,4,4,0,4,4,4,4,4,4,4,4,4,4,3,4,3,4,4,4,4,4,4,4,1,4,4,4,4,3,4,4,4,4,4,4,4,4,4,4,3,4,4,4,4,4,4,4,4,4,4,4,4,3,4,4,3,4,4,4,4,3,4,4,1,4,4,4,4,3,4,4,4,4,4,4,-1
Nepal,4,3,3,3,3,3,3,3,3,3,3,3,3,3,3,2,3,3,3,3,3,3,3,3,3,3,3,3,3,4,3,3,3,3,3,3,3,3,3,3,3,3,3,3,3,3,3,3,3,3,3,3,3,3,3,3,4,4,3,3,3,3,3,3,3,4,3,3,3,3,3,3,3,3,3,3,1,3,3,4,3,3,3,3,3,3,3,3,3,3,3,3,3,3,3,2,3,4,3,3,3,3,3,3,3,3,3,3,3,3,3,3,3,3,3,3,3,3,3,3,3,3,0,3,3,3,3,4,3,3,3,3,3,3,3,3,3,3,3,3,3,3,3,3,3,3,3,3,3,3,3,3,3,3,3,3,3,3,3,4,3,3,3,3,3,3,3,3,4,3,3,3,3,3,3,3,3,3,3,3,3,3,3,3,3,3,3,3,3,3,3,3,3,4,-1
Netherlands,4,1,4,1,4,1,1,4,1,1,4,1,4,4,1,4,1,4,4,4,4,1,4,1,1,1,4,4,4,4,1,4,4,4,1,4,1,4,4,4,1,4,1,4,1,1,1,4,1,4,4,4,1,4,4,1,4,4,4,1,1,4,4,1,1,4,1,1,1,4,4,4,4,1,1,1,4,4,4,4,1,1,1,4,1,4,4,4,1,4,1,4,4,4,1,4,4,4,4,1,1,1,4,4,1,4,4,1,1,4,1,1,1,1,1,4,1,4,4,4,4,4,4,0,1,1,4,4,1,1,4,4,1,1,4,1,1,4,1,1,4,1,4,4,1,1,1,1,1,4,4,4,1,1,1,1,1,1,1,4,4,4,1,4,4,4,1,1,4,4,4,4,1,4,1,1,4,4,4,1,4,1,1,1,1,1,4,4,1,1,4,4,4,4,-1
New Zealand,4,4,1,2,4,4,2,4,1,2,4,4,2,4,4,4,2,4,4,4,4,4,4,2,2,2,4,4,4,4,2,4,4,4,2,4,4,4,4,4,4,4,2,4,2,2,2,4,4,4,4,4,4,4,4,2,4,4,4,2,2,4,4,4,2,4,2,4,4,4,4,4,4,4,2,2,4,4,4,4,2,2,2,4,2,4,4,4,4,4,2,2,4,4,2,4,4,4,4,2,2,2,4,4,2,4,4,2,4,4,2,2,4,4,2,4,4,4,4,4,4,4,4,2,0,4,4,4,4,2,2,4,4,4,4,4,4,4,2,2,2,2,4,4,4,4,4,4,2,4,2,4,4,2,2,2,2,2,4,5,4,4,2,4,4,4,2,2,4,4,4,4,4,4,4,4,4,4,4,4,4,4,2,2,2,2,4,4,2,4,4,4,4,4,-1
Nicaragua,4,4,3,1,3,1,1,4,1,1,3,1,1,4,1,1,1,1,3,3,3,4,4,1,1,1,3,3,3,4,1,3,3,3,1,4,3,3,4,4,1,3,1,1,1,1,1,3,3,3,1,1,1,3,4,1,3,3,1,1,1,3,3,3,1,3,1,3,1,3,3,3,4,1,1,1,4,3,4,4,1,1,1,3,1,3,3,4,3,3,1,1,3,4,1,4,3,4,4,1,1,1,1,3,1,3,4,1,1,3,3,1,3,3,1,4,3,3,3,3,3,3,4,1,1,0,3,4,1,1,3,4,3,1,3,1,3,3,1,1,1,1,1,3,1,1,1,3,1,1,1,3,3,3,1,1,1,1,1,4,1,4,1,4,4,3,1,1,4,3,3,3,4,3,3,1,3,1,3,1,3,1,1,1,1,1,3,1,1,4,4,4,3,3,-1
Niger,4,4,4,4,4,4,4,4,4,4,4,4,4,4,4,4,4,1,1,4,4,4,4,4,4,4,1,4,4,4,4,1,4,1,4,4,4,4,4,4,4,1,4,4,4,4,4,4,4,4,4,4,4,4,4,4,4,4,4,4,4,4,1,4,4,1,4,4,4,4,1,4,4,4,4,4,4,4,4,4,4,4,4,1,4,4,4,4,4,4,4,4,4,4,4,4,4,1,4,4,4,4,4,4,4,4,1,4,4,1,4,4,4,4,4,4,4,1,4,4,4,4,4,4,4,4,0,1,4,4,4,4,4,4,4,4,4,4,4,4,4,4,4,4,4,4,4,4,4,4,4,1,4,4,4,4,4,4,4,4,4,4,4,4,4,4,4,4,4,4,4,4,4,1,4,4,1,4,4,4,4,4,3,4,4,4,4,4,4,4,4,4,4,4,-1
Nigeria,4,4,1,4,4,2,4,4,4,4,4,4,4,4,4,4,4,4,1,4,4,4,4,4,4,4,1,4,4,1,4,1,4,1,4,4,4,4,4,4,4,1,4,4,4,4,4,4,4,4,4,4,4,4,4,4,4,4,4,4,2,4,1,4,2,1,4,4,4,4,1,4,4,4,4,4,4,4,4,2,4,4,4,4,4,2,4,3,4,4,4,4,4,4,4,4,4,1,4,4,4,4,4,4,4,4,1,4,4,4,4,4,4,4,4,4,4,3,4,4,4,4,4,4,4,4,1,0,4,4,4,4,4,4,4,4,4,4,2,4,4,4,4,4,4,3,4,4,4,3,4,1,4,1,4,4,4,4,4,4,4,4,4,4,4,4,4,4,2,4,4,4,4,1,4,4,3,4,4,4,4,4,2,4,4,4,4,4,4,4,4,4,4,4,-1
North Macedonia,4,1,4,4,4,1,1,4,1,1,1,1,4,4,1,3,1,4,4,4,4,1,1,1,1,1,4,4,4,4,1,4,4,4,1,4,1,4,4,4,1,4,1,1,1,1,1,4,4,4,4,4,1,4,4,1,4,4,4,1,1,4,4,1,1,4,1,4,1,4,4,4,4,1,1,1,4,4,4,4,1,1,1,4,1,4,4,4,4,4,1,4,4,4,1,4,4,4,4,1,1,1,4,4,1,4,4,1,4,4,1,1,4,1,1,4,1,4,4,4,4,4,4,1,1,1,4,4,0,1,4,4,4,1,4,1,1,4,1,1,4,1,4,4,1,4,4,4,1,4,4,4,1,1,1,1,1,1,4,4,4,4,1,4,4,4,1,1,4,4,4,4,4,4,4,4,4,1,4,4,4,1,1,1,1,1,4,4,1,1,4,4,4,4,-1
Norway,4,1,4,1,4,1,1,4,1,1,4,1,4,4,1,4,1,4,4,4,4,1,4,1,1,1,4,4,4,4,1,4,4,4,1,4,1,4,4,4,1,4,1,4,1,1,1,4,1,4,4,4,1,4,4,1,4,4,4,1,1,4,4,1,1,4,1,1,1,4,4,4,4,1,1,1,4,4,4,4,1,1,1,4,1,4,4,4,1,4,1,4,4,4,1,4,4,4,4,1,1,1,4,4,1,4,4,1,1,4,1,1,1,1,1,4,1,4,4,4,4,4,4,1,1,1,4,4,1,0,4,4,1,1,4,1,1,4,1,1,4,1,4,4,1,1,1,1,1,4,4,4,1,1,1,1,1,1,1,4,4,4,1,4,4,4,1,1,4,4,4,4,1,4,1,1,4,4,4,1,4,1,1,1,1,1,4,4,1,1,4,4,4,4,-1
Oman,4,1,2,2,4,4,1,1,1,2,4,4,1,4,4,1,2,4,4,4,1,4,4,1,2,1,4,4,4,4,1,4,4,4,1,1,1,4,4,4,4,4,1,2,2,1,1,4,4,4,1,1,4,4,4,2,4,4,4,2,2,4,4,4,2,4,2,4,4,4,4,4,4,1,2,2,1,1,1,4,2,4,1,4,1,1,1,4,4,4,1,1,4,4,2,1,4,4,4,2,2,2,4,4,1,2,4,2,4,4,4,1,4,2,2,4,4,1,4,4,4,4,4,2,2,1,4,4,1,1,0,4,4,4,4,1,1,4,2,1,1,2,1,4,4,4,4,4,2,4,1,4,1,2,1,1,2,2,4,4,2,4,1,4,4,2,1,2,4,4,4,1,4,4,4,4,1,1,1,4,4,1,1,2,1,1,4,4,2,1,1,4,4,4,-1
Pakistan,4,2,2,2,2,2,2,4,2,2,2,2,2,1,2,2,2,2,2,4,2,2,2,2,2,2,2,2,2,2,2,2,2,4,2,2,2,2,2,4,2,2,2,2,2,2,2,2,2,2,2,2,2,2,2,2,4,2,4,2,2,2,2,2,2,2,2,2,2,2,2,2,2,2,2,2,4,2,2,2,2,5,2,2,2,2,2,2,2,4,2,2,2,2,2,2,2,2,4,2,2,2,2,2,2,1,2,2,2,4,2,2,2,2,2,2,2,2,2,2,2,2,1,2,2,2,2,2,2,2,2,0,2,2,2,2,2,2,2,2,2,2,2,2,2,2,2,1,2,4,2,2,2,2,2,2,2,2,2,4,2,2,2,2,4,2,2,2,4,2,2,2,2,2,1,1,2,2,2,2,2,2,2,2,2,2,4,2,2,2,2,4,2,2,-1
Palau,3,3,3,3,3,3,3,3,3,1,3,3,3,4,3,3,1,3,3,3,3,3,3,3,3,1,3,3,3,3,3,3,3,3,3,3,3,3,3,3,3,3,1,3,1,1,1,3,3,3,3,3,3,3,3,1,3,3,3,1,1,3,3,3,1,3,1,3,3,3,3,3,3,3,1,3,3,3,3,3,3,1,1,3,3,3,3,3,3,3,3,3,3,3,1,3,3,3,3,3,1,1,3,3,3,3,3,1,1,3,3,3,1,3,3,3,3,3,3,4,3,3,3,1,3,3,3,3,3,1,3,3,0,3,3,3,3,3,1,1,3,1,1,3,3,3,3,3,3,3,3,3,3,3,3,3,1,1,3,3,3,3,1,3,3,3,1,1,3,3,3,3,3,3,3,3,3,3,3,3,3,3,3,3,1,3,3,3,3,3,3,3,3,3,-1
Panama,4,4,4,1,1,1,1,1,1,1,4,1,4,4,1,1,1,1,4,1,1,1,1,1,1,1,4,4,1,4,1,1,4,4,1,4,1,1,4,4,1,4,1,4,1,1,1,4,1,4,1,1,1,4,4,1,4,4,1,1,1,1,4,1,1,4,1,1,1,1,4,1,4,1,1,1,4,4,4,4,1,1,1,1,1,4,4,1,1,4,1,1,4,4,1,4,4,4,4,1,1,1,1,4,1,1,4,1,1,4,1,1,1,1,1,1,1,4,4,4,1,1,4,1,1,1,4,4,1,1,4,4,1,0,1,1,1,4,1,1,1,1,1,4,1,1,1,1,1,1,1,4,1,1,1,1,1,1,1,4,1,4,1,4,4,4,1,1,4,4,4,1,4,4,1,1,4,1,4,1,4,1,1,1,1,1,4,1,1,4,1,4,4,4,-1
Papua New Guinea,4,4,4,2,4,2,2,4,2,2,4,4,4,4,2,4,2,2,4,4,4,4,2,2,2,2,4,4,4,4,2,4,4,4,2,2,4,4,4,4,4,4,3,4,2,2,2,4,2,4,2,2,4,4,4,2,4,4,2,2,2,4,4,4,2,4,2,2,4,4,4,2,4,4,2,2,2,2,4,4,2,2,2,2,2,4,4,2,2,4,2,4,4,4,2,4,2,4,4,2,2,2,4,4,2,2,4,2,2,4,2,2,2,4,2,4,4,4,4,4,2,2,4,2,2,4,4,4,4,2,4,4,2,4,0,4,2,2,2,2,4,2,2,2,2,2,2,2,2,4,4,4,4,2,2,2,2,2,2,4,2,4,2,4,4,4,2,2,4,4,4,2,4,4,2,4,4,4,4,2,4,4,4,2,2,2,4,2,2,4,2,4,2,4,-1
Paraguay,4,4,4,1,4,4,1,4,1,1,4,4,4,4,4,4,1,4,4,4,1,4,4,1,4,1,4,4,4,4,1,4,4,4,1,4,1,4,4,4,1,4,1,4,1,1,1,4,4,1,1,1,1,4,4,1,4,4,4,1,1,4,4,4,1,4,1,4,1,4,4,4,4,1,1,1,4,4,4,4,1,1,1,4,1,4,4,4,4,4,1,4,4,4,1,4,4,4,4,1,1,1,4,4,4,4,4,1,4,4,4,1,4,4,1,4,4,4,4,4,4,4,4,1,1,1,4,4,4,1,3,4,4,1,4,0,1,4,1,1,3,1,1,4,4,4,4,4,4,4,4,4,4,4,1,1,1,1,4,4,1,4,1,4,4,4,1,1,4,4,4,4,4,4,4,4,4,1,4,4,4,1,1,1,1,1,4,4,4,1,4,4,4,4,-1
Peru,4,4,4,1,4,1,1,4,1,1,4,1,4,4,1,1,1,1,4,4,1,4,4,1,1,1,4,4,4,4,1,4,4,4,1,4,1,4,4,4,1,4,1,4,1,1,1,4,1,1,1,1,4,4,4,1,4,4,1,1,1,4,4,4,1,4,1,1,1,1,4,1,4,1,1,1,4,1,4,4,1,1,1,1,1,4,4,4,1,4,1,4,4,4,1,4,4,4,4,1,1,1,4,4,1,4,4,1,1,4,4,1,1,1,1,1,1,4,4,4,4,1,4,1,1,4,4,4,1,1,4,4,1,1,1,1,0,1,1,1,1,1,1,4,1,1,1,1,1,4,4,4,1,4,1,1,1,1,1,4,1,4,1,4,4,1,1,1,4,4,4,1,4,4,1,1,4,1,4,1,4,1,1,1,1,1,4,1,1,4,4,4,4,4,-1
Philippines,4,4,4,1,1,1,1,4,1,1,4,1,1,4,1,4,1,1,1,1,1,4,1,1,1,1,1,1,4,1,1,1,1,1,1,4,1,1,1,1,1,1,1,4,1,1,1,1,1,1,1,1,1,1,1,1,1,1,1,1,1,1,1,4,1,1,1,1,1,1,1,1,1,1,1,1,4,1,4,4,4,1,1,1,1,4,1,1,1,4,1,1,1,1,1,4,1,1,4,1,1,1,1,1,1,1,1,1,1,1,1,1,1,4,1,1,4,1,1,1,1,4,1,1,4,1,1,4,4,1,1,4,1,1,1,1,1,0,1,1,1,1,4,1,1,1,1,1,1,1,1,1,4,1,1,1,1,1,1,4,1,4,1,4,4,1,4,1,4,1,1,1,4,1,4,1,1,1,1,1,1,4,1,1,1,1,1,1,1,1,1,4,1,1,-1
Poland,4,1,4,1,4,1,1,4,1,1,4,1,4,4,1,4,1,4,4,4,4,1,4,1,1,1,4,4,4,4,1,4,4,4,1,4,1,4,4,4,1,4,1,4,1,1,1,4,1,4,4,4,1,4,4,1,4,4,4,1,1,4,4,1,1,4,1,1,1,4,4,4,4,1,1,1,4,4,4,4,1,1,1,4,1,4,4,4,1,4,1,4,4,4,1,4,4,4,4,1,1,1,4,4,1,4,4,1,1,4,1,1,1,1,1,4,1,4,4,4,4,4,4,1,1,1,4,4,1,1,4,4,1,1,4,1,1,4,0,1,4,1,5,4,1,1,1,1,1,4,4,4,1,1,1,1,1,1,1,4,4,4,1,4,4,4,1,1,4,4,4,4,1,4,1,1,4,4,4,1,4,1,1,1,1,1,4,4,1,1,4,4,4,4,-1
Portugal,4,1,4,1,4,1,1,4,1,1,4,1,4,4,1,4,1,4,4,4,4,1,4,1,1,1,4,4,4,4,1,4,4,4,1,4,1,4,4,4,1,4,1,4,1,1,1,4,1,4,4,4,1,4,4,1,4,4,4,1,1,4,4,1,1,4,1,1,1,4,4,4,4,1,1,1,4,4,4,4,1,1,1,4,1,4,4,4,1,4,1,4,4,4,1,4,4,4,4,1,1,1,4,4,1,4,4,1,1,4,1,1,1,1,1,4,1,4,4,4,4,4,4,1,1,1,4,4,1,1,4,4,1,1,4,1,1,4,1,0,4,1,4,4,1,1,1,1,1,4,4,4,1,1,1,1,1,1,1,4,4,4,1,4,4,4,1,1,4,4,4,4,1,4,1,1,4,4,4,1,4,1,1,1,1,1,4,4,1,1,4,4,4,4,-1
Qatar,4,2,2,2,2,1,1,1,1,1,1,1,1,4,2,1,1,2,2,2,1,2,2,1,1,1,2,2,2,2,1,2,2,2,1,1,1,2,2,2,1,2,1,1,1,1,1,2,1,1,1,1,2,2,2,1,2,2,2,1,1,2,2,1,1,2,1,2,2,2,2,1,2,2,1,1,3,1,1,4,1,4,1,2,1,2,1,2,2,2,1,1,2,2,1,1,2,2,2,1,1,1,2,2,1,1,2,1,2,2,2,1,2,1,1,2,2,2,2,2,2,2,2,1,1,2,2,2,1,1,1,3,2,1,2,1,1,2,1,1,0,1,1,1,2,2,2,2,1,4,1,2,1,1,1,1,1,1,2,2,1,2,1,2,2,1,1,1,2,2,2,1,2,2,2,2,2,1,2,2,2,1,1,1,1,1,4,2,1,1,2,2,2,2,-1
Romania,4,1,4,1,4,1,1,4,1,1,4,1,4,4,1,4,1,4,4,4,4,1,4,1,1,1,4,4,4,4,1,4,4,4,1,4,1,4,4,4,1,4,1,4,1,1,1,4,1,4,4,4,1,4,4,1,4,4,4,1,1,4,4,1,1,4,1,1,1,4,4,4,4,1,1,1,4,4,4,4,1,1,1,4,1,4,4,4,1,4,1,4,4,4,1,4,4,4,4,1,1,1,4,4,1,4,4,1,1,4,1,1,1,1,1,4,1,4,4,4,4,4,4,1,1,1,4,4,1,1,4,4,1,1,4,1,1,4,1,1,4,0,4,4,1,1,1,1,1,4,4,4,1,1,1,1,1,1,4,4,4,4,1,4,4,4,1,1,4,4,4,4,1,4,1,1,4,4,4,1,4,1,1,1,1,1,4,4,1,1,4,4,4,4,-1
Russia,4,4,4,1,4,1,1,1,4,2,1,4,2,4,4,1,2,1,4,4,1,1,1,1,1,2,4,4,4,4,4,1,4,4,1,4,1,4,4,4,1,4,4,1,2,2,2,4,1,1,1,1,1,4,4,2,4,4,1,2,4,4,4,4,4,4,2,1,1,4,4,1,4,1,2,2,4,4,4,4,2,1,2,1,4,4,1,4,4,2,1,2,1,1,2,4,4,4,4,2,4,2,4,4,2,1,4,2,4,4,1,2,4,1,2,1,1,4,4,4,1,1,4,2,4,1,4,4,1,2,2,4,1,1,4,1,1,2,4,2,1,2,0,4,1,4,1,1,2,4,2,4,1,1,2,2,2,2,4,4,1,4,4,4,4,1,2,2,4,1,4,1,4,4,4,4,4,4,4,4,4,1,1,4,4,1,1,1,2,1,4,4,4,4,-1
Rwanda,3,2,2,2,1,2,2,2,2,2,2,2,2,2,1,2,2,2,1,2,2,2,2,2,2,2,2,1,2,2,2,2,1,1,2,2,2,2,2,1,2,2,3,2,2,2,2,2,2,2,2,2,2,2,2,2,2,2,2,2,2,2,2,2,2,1,2,2,2,2,2,2,1,2,2,2,2,1,2,2,2,2,2,2,2,2,2,1,2,2,2,2,2,2,2,2,2,2,2,2,2,2,2,2,3,2,2,2,2,2,1,2,2,2,2,2,2,2,2,2,2,2,2,2,2,2,2,2,2,2,2,2,2,2,2,2,2,1,2,2,2,2,2,0,2,2,2,2,2,1,2,1,2,1,1,1,2,2,2,2,2,1,2,2,2,2,2,2,2,2,1,2,2,2,2,2,2,2,2,2,1,2,2,2,2,2,3,2,2,2,2,2,2,2,-1
Saint Kitts and Nevis,2,1,2,2,2,1,1,2,1,1,2,1,2,1,1,1,1,1,4,4,1,4,1,1,1,1,2,2,2,2,1,2,4,2,1,1,1,4,2,2,1,4,1,1,1,1,1,2,1,4,1,1,1,2,2,1,1,4,1,1,1,2,1,2,1,1,1,1,1,1,2,1,4,1,1,1,1,1,2,2,1,1,1,1,1,1,4,1,1,4,1,1,4,2,1,2,1,2,2,1,1,1,2,1,1,1,2,1,2,2,1,1,2,1,1,4,1,2,2,4,2,1,4,1,1,1,2,1,1,1,2,2,2,1,1,1,1,2,1,1,2,1,1,1,0,1,1,2,2,4,1,2,1,1,1,1,1,1,1,2,1,1,1,1,2,1,1,1,2,2,1,2,4,2,1,1,2,1,4,1,1,1,1,1,1,1,4,1,1,1,2,2,1,1,-1
Saint Lucia,4,4,4,1,4,1,1,4,1,1,4,1,4,4,1,4,1,1,3,3,3,1,1,1,1,1,3,3,3,3,1,3,4,4,1,1,4,3,4,4,1,3,1,1,1,1,1,3,1,4,3,3,3,3,4,1,1,3,1,1,1,3,3,1,1,3,1,1,3,3,3,1,4,3,1,1,3,4,4,4,1,1,1,1,1,4,4,3,1,4,1,1,3,4,1,4,1,4,4,1,1,1,3,1,3,1,3,1,1,3,3,1,1,4,1,3,1,4,3,4,1,1,4,1,1,3,4,4,4,1,4,4,3,1,3,3,3,3,1,1,4,1,1,4,1,0,1,1,1,3,4,3,4,3,1,1,1,1,1,4,1,4,1,4,3,1,1,1,4,4,1,3,3,3,1,1,4,1,4,1,3,4,1,1,1,1,4,1,4,4,3,4,1,3,-1
Saint Vincent and the Grenadines,4,1,1,1,1,1,1,1,1,1,1,1,1,1,1,1,1,1,1,1,1,1,1,1,1,1,1,1,1,1,1,1,1,1,1,4,1,1,1,1,1,1,1,1,1,1,1,1,1,4,1,1,1,1,1,1,1,1,1,1,1,1,1,1,1,1,1,1,1,1,1,1,4,1,1,1,1,1,4,4,1,1,1,1,1,1,1,1,1,1,1,1,1,1,1,4,1,1,1,1,1,1,1,1,1,1,1,1,1,1,1,1,1,1,1,1,1,1,1,1,1,1,1,1,1,1,1,4,1,1,1,1,1,1,1,1,1,1,1,1,1,1,1,1,1,1,0,1,1,4,1,1,1,1,1,1,1,1,1,1,1,1,1,1,1,1,1,1,4,1,1,1,1,1,1,1,1,1,1,1,1,1,1,1,1,1,1,1,1,1,1,1,1,1,-1
Samoa,1,3,1,1,3,3,1,1,1,1,3,3,3,1,3,3,1,1,1,1,1,1,3,1,1,1,3,3,3,3,1,3,3,3,1,1,1,3,1,1,1,3,1,1,1,1,1,3,3,1,1,1,3,3,3,1,3,3,3,1,1,3,1,3,1,3,1,3,1,1,3,3,1,1,1,1,1,3,1,1,1,1,1,3,1,1,1,3,1,1,1,3,1,3,1,3,1,3,3,3,1,1,3,3,1,1,1,1,1,3,1,1,1,1,1,1,3,1,3,3,3,1,3,1,1,3,3,1,1,1,3,1,1,3,1,1,3,3,1,1,1,1,1,1,3,3,3,0,3,3,1,3,1,1,1,1,1,1,1,1,3,1,1,1,1,3,1,1,1,3,3,1,1,3,1,3,1,3,3,1,3,1,1,1,1,1,3,3,1,1,1,1,1,3,-1
San Marino,4,1,4,1,4,1,1,4,1,1,4,1,4,4,1,4,1,4,4,4,4,1,4,1,1,1,4,4,4,4,1,4,4,4,1,1,1,4,4,4,1,4,1,4,1,1,1,4,1,4,4,4,1,4,4,1,4,4,4,1,1,4,4,1,1,4,1,1,1,4,4,4,4,1,1,1,4,4,4,4,1,1,1,4,1,4,4,4,1,4,1,4,4,4,1,4,4,4,4,1,1,1,4,4,1,4,4,1,1,4,1,1,1,1,1,4,1,1,4,4,4,4,4,1,1,1,4,4,1,1,4,4,1,1,4,1,1,4,1,1,4,1,1,4,1,1,1,1,0,4,4,4,1,1,1,1,1,1,1,4,4,4,1,4,4,4,1,1,4,4,4,4,1,4,1,1,4,4,4,1,4,1,1,1,1,1,4,4,1,1,4,4,4,4,-1
Sao Tome and Principe,4,2,2,1,1,2,2,2,2,1,2,2,2,2,2,2,1,2,2,2,2,2,2,1,2,1,2,2,2,2,1,1,2,2,2,2,2,2,2,2,2,2,1,2,1,1,1,2,2,2,2,2,2,1,2,1,2,2,2,1,1,1,2,2,1,2,1,2,2,2,1,2,2,2,1,1,2,2,2,2,1,2,1,2,1,2,2,2,2,2,1,1,2,2,1,2,2,2,2,1,1,1,2,2,2,2,2,1,2,2,2,2,2,2,1,2,2,1,1,2,2,2,2,1,2,2,2,2,2,1,2,2,2,2,2,2,2,2,1,1,1,1,1,1,1,2,2,2,1,0,2,2,2,2,2,2,1,1,2,2,2,2,1,2,2,2,1,1,2,2,2,2,1,2,2,2,2,1,2,2,2,2,1,1,1,2,4,2,1,2,2,2,2,2,-1
Saudi Arabia,4,4,4,2,4,4,4,4,2,2,4,4,1,4,4,4,2,4,4,4,4,4,4,4,2,2,4,4,4,4,2,4,4,4,4,2,4,4,4,4,4,4,3,4,2,2,2,4,4,4,4,4,4,4,4,2,4,4,4,2,2,4,4,4,2,4,2,4,4,4,4,4,4,4,2,2,4,4,4,4,2,5,2,4,2,4,2,4,4,4,2,1,4,4,2,4,4,4,4,2,2,2,4,4,2,3,4,2,4,4,4,4,4,4,2,4,2,4,4,4,4,4,4,2,2,4,4,4,4,2,1,4,4,4,4,4,4,4,2,2,1,2,2,4,4,4,4,4,2,4,0,4,4,4,2,2,2,2,4,4,4,4,2,4,4,4,2,2,4,4,4,4,4,4,4,4,4,4,4,4,4,2,1,2,2,4,4,4,4,4,4,4,4,4,-1
Senegal,3,3,3,3,3,3,3,3,3,1,4,3,3,3,3,4,1,4,1,4,4,4,3,1,3,1,1,3,4,3,1,1,1,3,3,3,3,3,1,3,3,1,1,3,1,1,1,1,3,3,3,3,3,3,4,1,3,3,3,1,1,3,1,4,1,1,1,3,3,3,1,4,3,3,1,3,1,3,4,3,1,3,1,3,1,4,4,1,3,4,1,1,4,4,1,3,3,1,3,3,1,1,3,3,1,4,1,1,3,4,1,3,3,4,2,3,3,1,4,4,3,4,3,1,3,4,1,1,4,3,3,4,3,4,3,4,3,3,1,1,3,1,3,3,3,3,3,3,4,3,4,0,4,3,1,1,1,1,3,4,3,4,1,3,4,3,1,3,3,4,3,3,4,1,4,3,1,3,4,3,3,3,3,1,1,4,3,3,2,3,3,4,3,3,-1
Serbia,4,1,4,1,4,1,1,1,1,1,1,1,1,4,1,1,1,4,4,4,1,1,4,1,4,1,4,4,4,4,1,4,4,4,1,1,1,4,4,4,1,4,1,1,1,1,1,4,1,4,4,4,4,4,4,1,4,4,4,1,1,4,4,1,1,4,1,1,4,4,1,4,4,4,1,1,1,1,4,4,1,1,1,1,1,4,1,4,4,4,1,1,1,4,1,4,4,4,4,1,1,1,4,4,4,4,4,1,4,4,4,1,4,1,1,1,1,4,4,4,4,4,4,1,1,4,4,4,1,1,1,4,1,4,4,1,1,4,1,1,1,1,1,4,1,4,1,4,1,4,4,4,0,1,1,1,1,1,4,4,4,4,1,4,4,1,1,1,4,4,4,4,4,4,4,1,4,1,4,4,4,1,1,1,1,1,4,4,1,4,4,4,4,4,-1
Seychelles,1,3,1,1,3,3,1,1,1,1,3,3,3,1,3,3,1,1,3,1,1,1,3,1,1,1,3,3,1,3,1,3,3,3,1,1,1,3,1,1,1,3,3,1,1,1,1,3,3,1,1,1,3,3,3,1,3,3,3,1,3,3,1,3,1,3,1,3,1,3,3,3,1,1,1,1,1,1,1,1,1,1,1,3,1,1,1,3,3,1,1,3,1,3,1,3,1,3,3,1,1,1,1,3,1,1,1,1,3,3,1,1,3,1,1,3,3,1,3,3,3,1,3,1,1,3,3,1,1,1,3,1,3,3,3,1,1,1,3,1,1,1,1,1,3,3,3,3,3,3,1,3,1,0,1,1,1,1,3,1,3,1,1,1,1,3,1,1,1,3,3,1,1,3,3,3,1,3,3,3,3,3,1,1,1,1,3,3,1,1,1,1,1,3,-1
Singapore,4,1,4,1,1,1,1,2,1,1,2,1,1,4,1,2,1,1,1,1,1,1,1,1,1,1,1,1,1,1,1,1,1,1,1,2,1,1,1,1,1,1,1,1,1,1,1,1,1,1,1,1,1,1,1,1,1,1,1,1,1,1,1,2,1,1,1,1,1,1,1,1,1,1,1,1,4,1,4,4,1,1,1,1,1,2,2,1,1,2,1,1,2,1,1,4,1,1,4,1,1,1,1,1,1,1,4,1,1,1,1,1,1,2,1,1,1,4,1,1,1,1,1,1,1,1,1,4,1,1,1,4,1,1,1,1,1,1,1,1,1,1,4,1,1,1,1,1,1,1,4,1,1,1,0,1,1,1,1,4,1,1,1,1,4,1,1,1,4,2,1,1,1,1,1,1,4,1,2,1,1,2,1,1,1,1,4,1,1,1,1,4,1,1,-1
Sierra Leone,4,4,4,4,4,3,4,4,3,3,4,3,3,3,3,4,3,3,1,4,3,4,3,3,3,3,1,4,3,3,3,1,4,4,4,3,4,4,4,4,4,1,3,4,3,3,3,4,3,4,4,4,4,4,4,3,3,4,3,3,3,4,1,4,3,1,3,3,4,3,1,3,4,4,3,4,3,3,3,4,3,3,3,3,3,4,4,3,3,4,3,3,4,4,3,3,3,1,4,4,3,3,4,3,3,4,1,3,4,1,3,4,4,4,4,4,4,4,3,4,3,4,4,3,3,4,1,1,4,3,3,3,4,4,3,4,4,4,2,3,3,3,3,3,3,3,3,3,4,4,3,1,4,3,3,0,3,3,3,4,3,4,3,3,4,4,3,4,4,4,3,3,3,1,3,3,2,3,4,3,3,4,3,3,3,4,4,3,4,4,3,4,3,4,-1
Slovakia,4,1,4,1,4,1,1,4,1,1,4,1,4,4,1,4,1,4,4,4,4,1,4,1,1,1,4,4,4,4,1,4,4,4,1,4,1,4,4,4,1,4,1,4,1,1,1,4,1,4,4,4,1,4,4,1,4,4,4,1,1,4,4,1,1,4,1,1,1,4,4,4,4,1,1,1,4,4,4,4,1,1,1,4,1,4,4,4,1,4,1,4,4,4,1,4,4,4,4,1,1,1,4,4,1,4,4,1,1,4,1,1,1,1,1,4,1,4,4,4,4,4,4,1,1,1,4,4,1,1,4,4,1,1,4,1,1,4,1,1,4,1,4,4,1,1,1,1,1,4,4,4,1,1,1,1,0,1,1,4,4,4,1,4,4,4,1,1,4,4,4,4,1,4,1,1,4,4,4,1,4,1,1,1,1,1,4,4,1,1,4,4,4,4,-1
Slovenia,4,1,4,1,4,1,1,4,1,1,4,1,4,4,1,4,1,4,4,4,4,1,4,1,1,1,4,4,4,4,1,4,4,4,1,4,1,4,4,4,1,4,1,4,1,1,1,4,1,4,4,4,1,4,4,1,4,4,4,1,1,4,4,1,1,4,1,1,1,4,4,4,4,1,1,1,4,4,4,4,1,1,1,4,1,4,4,4,1,4,1,4,4,4,1,4,4,4,4,1,1,1,4,4,1,4,4,1,1,4,1,1,1,1,1,4,1,4,4,4,4,4,4,1,1,1,4,4,1,1,4,4,1,1,4,1,1,4,1,1,4,1,4,4,1,1,1,1,1,4,4,4,1,1,1,1,1,0,1,4,4,4,1,4,4,4,1,1,4,4,4,4,1,4,1,1,4,4,4,1,4,1,1,1,1,1,4,4,1,1,4,4,4,4,-1
Solomon Islands,4,4,4,1,4,3,3,4,1,1,4,3,4,4,3,4,1,3,4,4,4,4,4,3,1,1,4,4,4,4,1,4,4,4,3,4,4,4,4,4,3,4,1,4,1,1,1,4,3,1,3,3,4,4,4,1,4,4,3,1,1,4,4,4,1,4,1,3,4,3,4,3,4,4,1,1,4,4,4,4,1,1,1,4,1,4,4,4,3,4,1,3,4,4,1,4,4,4,4,1,1,1,4,4,1,3,4,1,3,4,4,1,3,4,1,4,4,4,4,4,4,3,4,1,1,4,4,4,4,1,4,4,3,3,3,4,4,4,1,1,4,1,4,4,3,3,3,3,3,4,4,4,4,4,1,1,1,1,0,4,4,4,1,4,4,4,1,1,4,4,4,1,4,4,3,3,4,4,4,3,4,4,1,1,1,4,4,3,4,4,4,4,4,4,-1
Somalia,3,3,3,3,3,3,3,3,3,3,3,3,3,3,3,3,3,3,3,3,3,3,3,3,3,3,3,3,3,3,3,3,3,3,3,3,3,3,3,3,3,3,3,3,3,3,3,3,3,3,3,3,3,3,3,3,3,3,3,3,3,3,3,3,3,3,3,3,3,3,3,3,3,3,3,3,3,3,3,3,3,2,3,3,3,3,3,3,3,3,5,3,3,3,3,3,3,3,3,3,3,3,3,3,3,3,3,3,3,3,3,3,3,3,3,3,3,3,3,3,3,3,3,3,3,3,3,3,3,3,3,3,3,3,3,3,3,3,3,3,3,3,3,3,3,3,3,3,3,3,3,3,3,3,3,3,3,3,3,0,3,3,3,3,3,3,3,3,3,3,3,3,3,3,3,3,3,3,3,3,3,3,3,3,3,3,3,3,3,3,3,3,3,3,-1
South Africa,4,4,4,1,1,1,1,4,1,1,4,1,4,4,1,4,1,1,1,4,1,4,1,1,4,4,4,4,4,2,1,1,4,4,1,2,4,4,4,2,1,4,4,4,1,1,1,4,4,4,1,1,4,4,4,4,1,2,4,1,1,1,4,4,1,4,1,4,4,4,4,1,4,4,1,1,2,4,2,4,1,1,1,1,1,1,4,2,4,4,1,4,4,4,4,4,1,4,4,1,4,1,1,1,1,1,4,1,4,4,1,2,4,4,1,4,4,4,1,4,1,4,4,1,1,4,4,2,4,1,4,2,4,1,4,1,1,2,1,1,1,4,1,4,4,4,1,4,1,1,2,4,4,1,1,1,4,4,4,4,0,4,1,4,4,4,1,1,4,4,1,1,4,4,4,1,1,1,4,4,2,4,1,1,1,1,4,4,4,1,4,4,1,1,-1
South Sudan,2,2,2,2,2,2,2,2,2,2,2,2,2,2,2,2,2,2,2,2,2,2,2,2,2,2,2,2,2,2,2,2,2,2,2,2,2,2,2,2,4,2,4,2,2,2,2,2,2,2,2,2,2,2,2,2,2,2,2,2,2,2,2,2,2,2,2,2,2,2,2,2,2,2,2,2,2,2,2,2,2,2,2,2,2,2,2,1,2,2,2,2,2,2,2,2,2,2,2,2,2,2,2,2,2,2,2,2,2,2,2,2,2,2,2,2,2,2,2,4,2,2,2,2,2,2,2,2,2,2,2,4,2,2,2,2,2,2,2,2,2,2,2,3,2,2,2,2,2,4,2,2,2,2,2,2,2,2,2,2,2,0,2,2,2,2,2,2,2,2,1,2,2,2,2,2,2,2,2,2,1,2,2,4,2,2,4,2,2,2,2,2,2,2,-1
Spain,4,1,4,1,4,1,1,4,1,1,4,1,4,4,1,4,1,4,4,4,4,1,4,1,1,1,4,4,4,4,1,4,4,4,1,4,1,4,4,4,1,4,1,4,1,1,1,2,1,4,4,4,1,4,4,1,4,4,4,1,1,4,4,1,1,4,1,1,1,4,4,4,4,1,1,1,4,4,4,4,1,1,1,4,1,4,4,4,1,4,1,4,4,4,1,4,4,4,4,1,1,1,4,4,1,4,4,1,1,4,1,1,1,1,1,4,1,4,4,4,4,4,4,1,1,1,4,4,1,1,4,4,1,1,4,1,1,4,1,1,4,1,4,4,1,1,1,1,1,4,4,4,1,1,1,1,1,1,1,4,4,4,0,4,4,4,1,1,4,4,4,4,1,4,1,1,4,4,4,1,4,1,1,1,1,1,4,4,1,1,4,4,4,4,-1
Sri Lanka,4,2,2,2,2,2,2,2,2,2,2,2,2,2,2,2,2,2,3,2,2,2,2,2,2,2,2,2,2,4,4,2,2,2,2,2,2,2,4,4,2,4,2,2,2,2,2,2,2,2,2,2,2,2,2,2,2,2,2,2,2,4,2,2,2,4,2,2,2,2,4,2,2,2,2,2,2,2,2,2,2,2,2,2,2,2,2,4,3,4,2,2,2,2,2,2,2,4,2,2,2,2,2,2,2,1,4,2,3,2,2,2,3,2,2,2,2,2,2,2,2,3,2,2,2,2,2,4,2,2,2,4,3,2,2,2,2,2,2,2,2,2,2,2,2,2,2,3,2,2,2,2,2,1,3,3,2,2,3,2,2,2,2,0,4,2,2,2,4,2,2,2,2,2,3,2,2,2,2,3,4,2,2,2,2,2,1,3,2,2,2,2,2,2,-1
Sudan,4,4,4,4,4,4,4,4,4,4,4,4,4,5,4,4,4,4,4,4,4,4,4,4,4,4,4,4,4,4,4,4,4,4,4,4,4,4,4,4,2,4,4,4,4,4,4,4,4,4,4,4,4,4,4,4,4,4,4,4,4,4,4,4,4,4,4,4,4,4,4,4,4,4,4,4,4,4,4,4,4,4,4,4,4,4,4,3,4,4,4,1,4,4,4,4,4,4,4,4,4,4,4,4,3,4,4,4,4,4,4,4,4,4,4,4,4,4,4,4,4,4,4,4,4,4,4,4,4,4,4,4,4,4,4,4,4,4,4,4,1,4,4,4,1,4,4,4,4,4,4,4,4,4,4,4,4,4,4,4,4,4,4,4,0,4,4,4,4,4,4,4,4,4,4,4,4,3,4,4,4,4,1,4,4,4,4,4,4,4,4,1,4,4,-1
Suriname,2,1,2,2,2,1,1,2,2,2,2,1,2,2,1,2,2,1,2,2,2,2,2,1,2,2,2,2,2,2,2,2,2,2,2,1,2,2,2,2,2,2,4,2,2,2,2,2,1,2,2,2,2,2,2,2,2,2,2,2,2,2,2,2,2,2,2,1,2,2,2,1,4,2,2,2,2,1,2,2,2,1,2,1,1,2,2,2,2,2,1,2,2,2,2,2,2,2,2,2,2,2,2,2,1,2,2,2,2,2,2,2,2,2,2,2,2,2,2,2,2,2,2,2,2,2,2,2,2,2,2,2,2,2,2,2,2,1,2,2,2,2,1,2,1,1,1,2,2,4,2,2,1,1,2,2,2,2,2,2,2,2,2,2,2,0,2,2,2,2,2,2,2,2,2,1,2,2,2,2,2,2,2,2,2,2,4,2,2,2,2,2,2,2,-1
Sweden,4,1,4,1,4,1,1,4,1,1,4,1,4,4,1,4,1,4,4,4,4,1,4,1,1,1,4,4,4,4,1,4,4,4,1,4,1,4,4,4,1,4,1,4,1,1,1,4,1,4,4,4,1,4,4,1,2,4,4,1,1,4,4,1,1,4,1,1,1,4,4,4,4,1,1,1,4,4,4,4,1,1,1,4,1,4,4,4,1,4,1,4,4,4,1,4,4,4,4,1,1,1,4,4,1,4,4,1,1,4,1,1,1,1,1,4,1,4,4,4,4,4,4,1,1,1,4,4,1,1,4,4,1,1,4,1,1,4,1,1,4,1,4,4,1,1,1,1,1,4,4,4,1,1,1,1,1,1,1,4,4,4,1,4,4,4,0,1,4,4,4,4,1,4,1,1,4,4,4,1,4,1,1,1,1,1,4,4,1,1,4,4,4,4,-1
Switzerland,4,1,4,1,4,1,1,4,1,1,4,1,4,4,1,4,1,4,4,4,4,1,4,1,1,1,4,4,4,4,1,4,4,4,1,4,1,4,4,4,1,4,1,4,1,1,1,4,1,4,4,4,1,4,4,1,4,4,4,1,1,4,4,1,1,4,1,1,1,4,4,4,4,1,1,1,4,4,4,4,1,1,1,4,1,4,4,4,1,4,1,4,4,4,1,4,4,4,4,1,1,1,4,4,1,4,4,1,1,4,1,1,1,1,1,4,1,4,4,4,4,4,4,1,1,1,4,4,1,1,4,4,1,1,4,1,1,4,1,1,4,1,4,4,1,1,1,1,1,4,4,4,1,1,1,1,1,1,1,4,4,4,1,4,4,4,1,0,4,4,4,4,1,4,1,1,4,4,4,1,4,1,1,1,1,1,4,4,1,1,4,4,4,4,-1
Syria,4,4,4,4,4,4,4,4,4,4,4,4,4,4,4,3,4,4,4,4,4,4,4,4,4,4,4,4,4,4,4,4,4,4,4,4,4,4,4,4,4,4,4,4,4,4,4,4,4,4,4,4,4,4,4,4,4,4,4,4,4,4,4,4,4,4,4,4,4,4,4,4,4,4,4,4,4,4,5,4,4,5,4,4,4,1,4,4,4,4,5,5,4,4,4,1,4,4,3,4,4,4,4,4,3,4,4,4,4,4,4,4,4,4,4,4,4,4,4,4,4,4,4,4,4,4,4,4,4,4,4,4,4,4,4,4,4,4,4,4,4,4,4,4,4,4,4,4,4,4,4,4,4,4,4,4,4,4,4,4,4,4,4,4,4,4,4,4,0,4,4,4,4,4,4,4,4,4,4,4,4,4,4,4,5,4,3,4,4,4,4,4,4,4,-1
Tajikistan,4,2,2,3,2,2,1,1,3,1,1,2,2,2,2,1,2,2,2,4,2,2,4,2,2,2,4,4,4,4,1,2,4,4,2,2,2,4,4,4,2,4,1,1,2,1,1,4,2,2,1,1,2,4,4,1,4,4,2,1,1,4,4,1,1,4,1,2,2,2,4,2,4,4,1,2,2,1,2,2,3,3,1,2,1,1,1,4,4,4,1,3,1,4,1,2,4,4,2,1,1,1,4,4,1,2,4,3,4,4,2,2,4,1,2,2,2,2,4,4,4,4,4,2,3,4,4,4,2,1,3,2,4,2,2,2,2,2,2,1,2,3,1,4,2,2,2,4,2,4,3,2,2,2,1,1,3,3,4,4,2,4,1,1,4,2,1,1,4,0,4,1,4,4,4,2,2,1,3,4,4,1,2,2,1,2,1,4,3,2,2,2,4,4,-1
Tanzania,4,2,2,2,2,1,2,2,2,2,4,1,2,4,1,2,2,2,2,2,2,2,1,2,3,2,2,2,2,2,2,2,2,4,2,2,2,2,2,2,2,2,3,2,1,2,2,4,1,2,2,2,2,4,4,2,1,4,2,2,2,2,1,2,2,1,2,1,2,1,2,2,2,2,2,2,2,2,4,4,2,2,2,1,2,2,4,1,1,2,2,2,4,2,2,4,1,2,2,2,2,2,1,3,1,2,4,1,2,4,1,2,2,2,2,2,2,2,1,2,1,1,2,2,2,2,4,4,2,2,2,4,2,2,1,2,2,2,2,2,2,1,2,1,1,1,1,2,2,3,2,4,2,1,1,1,2,2,1,4,1,1,2,4,2,2,2,2,4,4,0,2,2,2,1,1,2,2,4,1,1,2,2,2,2,2,4,1,2,2,2,4,1,1,-1
Thailand,4,2,4,1,4,4,1,4,1,1,4,4,1,4,4,4,1,4,4,3,4,2,4,1,1,3,4,4,1,4,1,4,4,4,1,2,4,4,4,4,4,4,4,4,3,1,1,4,4,4,4,4,4,4,4,1,4,3,3,1,1,4,4,3,1,4,1,4,4,3,4,4,4,4,1,1,2,1,4,4,1,1,1,4,1,4,3,4,4,4,1,1,4,1,1,4,4,4,4,1,1,1,4,4,1,1,4,3,4,4,1,3,4,4,1,1,2,4,4,1,4,3,4,1,1,4,4,4,4,1,1,4,4,4,3,4,1,1,1,1,1,3,1,4,4,4,4,4,1,4,1,4,2,4,1,1,1,1,4,4,1,4,1,4,4,4,1,1,4,4,4,0,4,4,4,4,4,1,4,4,4,1,1,1,1,4,3,3,4,4,1,4,4,4,-1
Timor-Leste,3,3,3,3,3,3,3,3,3,1,3,3,3,3,3,3,1,3,3,3,3,3,3,3,3,1,3,3,3,3,3,1,3,3,3,3,3,3,3,3,3,3,1,3,1,1,1,3,3,3,3,3,3,3,3,1,3,3,3,1,1,3,3,3,1,3,1,3,3,3,3,3,3,3,1,1,3,1,3,3,3,3,1,3,3,3,3,3,3,3,3,3,3,3,1,3,3,3,3,3,1,1,3,3,3,3,3,1,3,3,3,3,3,3,3,3,3,3,3,3,3,3,3,1,3,3,3,3,3,1,3,4,3,3,3,3,3,3,1,1,3,1,3,3,3,3,3,3,3,3,3,3,3,3,3,3,1,1,3,3,3,3,1,3,3,3,1,1,3,3,3,3,0,3,3,3,3,3,3,3,3,3,3,3,3,3,3,3,3,3,3,3,3,3,-1
Togo,3,3,3,3,3,3,3,3,3,3,3,3,3,3,3,2,2,3,1,3,3,3,3,3,3,3,1,3,3,3,3,1,3,3,3,3,3,3,3,3,3,1,3,3,3,3,3,1,3,3,3,3,3,3,3,3,3,3,3,3,3,3,1,3,3,1,3,3,3,3,1,3,3,3,3,3,3,3,3,3,3,3,3,3,3,3,3,3,3,3,3,3,3,3,3,2,3,1,3,3,3,3,3,3,3,3,1,3,3,4,3,3,3,3,3,3,3,3,3,3,3,3,3,3,3,3,1,1,3,3,3,3,3,3,3,3,3,3,3,3,3,1,3,3,3,3,3,3,3,3,3,1,3,3,3,3,3,3,3,3,1,3,3,3,3,3,3,3,3,3,3,3,3,0,3,3,3,3,3,3,3,3,3,3,3,3,3,3,3,3,3,3,3,3,-1
Tonga,4,4,4,4,4,4,4,4,3,1,4,3,4,4,3,4,1,4,4,4,4,4,4,3,3,1,4,4,4,4,3,4,4,4,4,1,4,4,4,4,4,4,1,4,1,1,1,4,3,4,4,4,4,4,4,1,4,4,3,1,1,4,4,4,1,4,1,4,4,3,4,4,4,4,1,1,4,4,4,4,3,1,1,4,3,4,4,4,3,4,3,4,4,4,1,4,4,4,4,1,1,1,4,4,3,4,4,1,3,4,4,4,3,4,3,4,4,4,4,4,4,3,4,1,3,4,4,4,4,1,4,4,3,4,3,4,4,4,1,1,4,1,3,4,3,3,3,3,4,4,4,4,4,3,3,3,1,1,3,4,4,4,1,4,4,4,1,1,4,4,4,4,4,4,0,4,4,3,4,3,4,3,1,3,3,4,4,3,4,4,4,4,4,4,-1
Trinidad and Tobago,4,1,4,4,4,1,1,4,3,1,4,1,4,1,1,4,1,1,4,4,4,1,1,1,1,1,4,4,4,4,1,4,4,4,1,4,1,4,4,4,1,4,1,1,1,1,1,4,1,1,1,1,1,4,4,1,1,4,4,1,1,4,1,4,1,1,1,1,1,4,4,1,4,1,1,1,1,4,4,4,1,1,1,1,1,4,4,1,1,4,1,4,4,4,1,4,1,4,4,1,1,1,3,1,1,1,4,1,4,4,1,1,4,4,4,4,1,4,4,4,1,1,4,1,3,1,4,4,4,1,4,1,4,1,4,4,1,3,1,1,4,1,1,4,1,1,1,1,4,4,4,4,1,1,1,1,1,1,1,4,1,4,1,4,4,1,1,1,4,4,4,4,4,4,1,0,4,1,4,1,4,4,4,1,1,1,4,1,4,4,4,4,1,1,-1
Tunisia,4,4,1,1,1,1,1,4,1,1,4,4,1,4,1,3,1,4,1,4,4,1,4,1,1,1,1,4,4,4,1,1,4,4,1,1,4,1,4,4,1,1,1,4,4,1,1,4,4,1,4,4,4,1,4,1,4,4,1,1,1,1,1,4,1,4,1,4,4,4,1,4,4,1,1,1,4,4,4,4,1,4,1,4,1,1,4,4,1,4,1,1,4,4,1,4,4,4,1,1,1,1,4,4,1,1,1,1,4,1,1,1,4,1,1,4,1,1,4,4,1,4,4,1,1,4,1,4,1,1,1,4,4,4,4,4,4,4,1,1,1,1,1,4,1,1,4,4,1,4,1,1,1,1,1,1,1,1,4,4,1,4,1,4,4,4,1,1,4,4,4,4,4,4,4,4,0,1,4,4,4,1,1,1,1,4,4,4,1,4,4,4,4,4,-1
Turkey,4,1,4,1,4,2,1,2,2,1,1,2,2,4,2,1,1,1,4,4,1,1,2,1,1,1,4,4,4,4,2,4,4,4,1,2,1,4,4,4,3,4,1,4,2,1,1,4,2,2,1,1,1,4,4,1,4,4,2,1,1,4,4,1,1,4,1,2,1,4,4,4,2,1,1,1,4,1,1,4,1,1,1,2,1,1,1,4,4,4,1,2,1,4,1,1,4,4,4,1,1,1,4,4,1,2,4,1,4,4,2,2,4,1,1,1,1,1,4,4,4,4,4,1,1,1,4,4,1,1,2,4,4,1,4,1,1,2,1,1,1,1,1,4,1,2,2,4,1,4,2,4,1,1,1,1,1,1,4,4,2,4,1,4,4,2,1,1,4,1,4,1,2,4,4,1,1,0,4,4,4,1,2,1,2,1,1,4,1,1,2,2,4,4,-1
Turkmenistan,4,4,4,4,4,4,4,4,4,4,4,4,4,4,4,4,4,4,4,4,4,4,4,4,4,4,4,4,4,4,4,4,4,4,4,4,4,4,4,4,4,4,4,4,4,4,4,4,4,4,4,4,4,4,4,4,4,4,4,4,4,4,4,4,4,4,4,4,4,4,4,4,4,4,4,4,4,4,4,4,4,4,4,4,4,4,4,4,4,4,4,4,4,4,4,4,4,4,4,4,4,4,4,4,4,4,4,4,4,4,4,4,4,4,4,4,4,4,4,4,4,4,4,4,4,4,4,4,4,4,4,4,4,4,4,4,4,4,4,4,4,4,4,4,4,4,4,4,4,4,4,4,4,4,4,4,4,4,4,4,4,4,4,4,4,4,4,4,4,4,4,4,4,4,4,4,4,4,0,4,4,4,4,4,4,4,4,4,4,4,4,4,4,4,-1
Tuvalu,3,3,3,3,3,3,3,3,3,1,3,3,3,3,3,3,1,3,3,3,3,3,3,3,3,1,3,3,3,3,3,3,3,3,3,3,3,3,3,3,3,3,1,3,1,1,1,3,3,3,3,3,3,3,3,1,3,3,3,1,1,3,3,3,1,3,1,3,3,3,3,3,3,3,1,1,3,3,3,3,3,3,1,3,3,3,3,3,3,3,3,3,3,3,1,3,3,3,3,1,1,1,3,3,3,3,3,1,3,3,3,3,3,3,3,3,3,3,3,3,3,3,3,1,3,3,3,3,3,1,3,3,3,3,3,3,3,3,1,1,3,1,3,3,1,3,3,3,3,3,3,3,3,3,3,3,1,1,3,3,3,3,1,3,3,3,1,1,3,3,3,3,3,3,3,3,3,3,3,0,3,3,3,3,3,3,3,3,3,3,3,3,3,3,-1
Uganda,2,2,2,2,1,1,2,2,2,2,2,1,2,2,1,2,2,1,3,2,2,2,1,2,2,2,3,1,2,2,2,3,3,3,2,2,2,1,3,3,2,3,3,2,1,2,2,2,3,2,2,2,2,3,1,2,1,2,1,2,2,3,1,2,2,1,2,1,2,2,3,2,2,2,2,2,2,2,2,2,3,2,2,1,2,2,2,1,3,2,2,2,2,2,2,2,1,3,2,2,2,2,1,1,1,2,3,1,3,3,1,2,3,2,2,2,2,2,3,2,2,3,2,2,2,2,3,2,2,2,2,2,3,2,2,2,2,2,2,2,2,2,2,1,3,3,1,3,2,3,2,2,2,1,1,1,2,2,1,4,2,1,2,2,2,2,2,2,2,2,1,2,2,3,1,3,2,2,2,3,0,2,2,2,2,2,3,1,2,2,2,2,1,1,-1
Ukraine,4,1,4,1,4,1,1,1,1,1,1,2,2,4,2,1,1,2,4,2,2,1,4,1,1,1,4,4,2,4,1,4,4,4,1,2,1,4,4,4,2,4,1,4,1,1,1,4,1,2,1,1,2,4,4,1,4,4,4,1,1,4,4,1,1,4,1,1,2,4,4,4,2,2,1,1,2,1,4,4,1,1,1,2,1,4,1,4,2,4,5,2,1,2,1,4,4,4,4,1,1,1,4,4,2,2,4,1,4,4,2,2,2,1,1,1,1,4,4,2,4,2,2,1,1,2,4,4,1,1,2,4,2,1,4,1,1,2,1,1,1,1,4,4,1,2,1,2,1,4,1,4,1,2,2,2,1,1,2,4,2,4,1,4,4,2,1,1,4,1,4,2,2,4,4,2,4,1,4,2,4,0,1,1,1,1,1,2,1,4,4,4,4,4,-1
United Arab Emirates,4,2,4,3,4,4,1,4,3,1,4,1,1,2,1,1,1,4,4,4,4,4,2,1,3,1,4,4,4,4,3,4,4,4,1,1,1,4,4,4,1,4,1,4,1,1,1,4,2,4,4,4,1,4,4,1,4,4,4,1,1,4,4,1,1,4,1,4,4,4,4,4,4,1,1,1,4,2,4,4,3,1,1,4,1,4,1,4,1,4,1,1,4,4,1,4,4,1,4,1,1,1,4,4,3,3,4,1,4,4,3,1,4,4,3,4,1,2,4,4,4,1,4,1,3,4,4,4,4,1,1,4,4,4,4,1,1,4,1,1,1,1,1,4,4,2,1,4,3,4,1,4,1,1,3,3,1,1,1,4,4,4,1,4,4,4,1,1,4,4,4,4,4,4,4,4,4,4,4,4,2,1,0,3,1,1,4,2,3,4,4,4,4,4,-1
United Kingdom,4,4,4,1,4,1,1,4,1,1,4,1,2,4,1,4,1,1,4,4,4,4,1,1,1,1,4,4,4,4,1,4,4,4,1,4,1,4,4,4,1,4,1,4,1,1,1,4,1,4,4,4,4,4,4,1,4,4,4,1,1,4,4,4,1,4,1,1,1,1,4,1,4,1,1,1,4,4,4,4,1,1,1,4,1,4,4,4,1,4,1,2,4,4,1,4,4,4,4,1,1,1,4,4,1,1,4,1,1,4,1,1,1,4,1,4,4,4,4,4,1,1,4,1,1,1,4,4,4,1,2,4,1,1,1,1,1,4,1,1,2,1,4,4,1,1,1,1,1,4,1,4,4,1,1,1,1,1,1,4,4,4,1,4,4,4,1,1,4,4,4,4,1,4,1,1,4,4,4,1,4,4,2,0,1,1,4,1,1,4,4,4,4,4,-1
United States,4,4,4,1,4,4,4,4,1,1,4,1,4,4,4,4,1,4,4,4,4,4,4,4,1,4,4,4,4,4,1,4,4,4,1,4,4,4,4,4,4,4,2,4,4,1,1,4,4,4,4,4,4,4,4,1,4,4,4,1,3,4,4,4,3,4,1,4,4,4,4,4,4,4,1,1,4,4,4,4,1,4,1,4,1,4,4,4,4,4,1,4,4,4,1,4,4,4,4,1,1,1,4,4,4,4,4,1,1,4,4,4,1,4,1,4,4,4,4,4,4,4,4,1,1,4,4,4,4,1,4,4,1,4,4,4,4,4,3,1,4,4,4,4,4,4,4,4,1,4,4,4,4,4,1,1,1,1,4,4,4,4,1,4,4,4,1,1,4,4,4,4,4,4,4,4,4,4,4,4,4,4,4,1,0,4,4,4,4,4,4,4,4,4,-1
Uruguay,4,4,1,1,4,4,1,1,1,1,4,1,4,4,1,4,1,1,4,4,1,4,4,1,4,1,4,4,4,4,1,4,4,4,1,4,1,4,4,4,1,4,1,4,1,1,1,4,1,4,1,1,1,4,4,1,4,4,4,1,1,4,4,1,1,4,1,1,1,4,4,1,4,1,1,1,4,4,4,4,1,1,1,1,1,4,4,4,4,4,1,4,4,4,1,4,4,4,4,1,1,1,4,4,1,4,4,1,4,4,4,1,4,4,1,1,1,4,4,4,4,4,4,1,1,1,4,4,4,1,4,4,4,1,4,1,1,4,1,1,4,1,1,4,1,4,1,4,1,4,4,4,1,1,1,1,1,1,4,4,1,4,1,4,4,4,1,1,4,4,4,4,4,4,4,1,4,1,4,4,4,1,1,1,1,0,4,4,1,1,4,4,4,4,-1
Uzbekistan,4,2,2,1,2,1,1,1,1,1,1,1,2,2,1,1,1,2,4,2,2,1,4,1,1,1,4,4,2,2,1,2,4,4,1,1,2,4,4,4,1,2,1,1,1,1,1,4,1,1,2,2,1,4,4,1,4,4,2,1,1,2,4,1,1,2,1,1,1,4,4,2,4,1,1,1,2,1,2,4,1,1,1,1,1,2,1,4,2,2,1,2,1,2,1,2,4,4,4,1,1,1,4,4,1,2,4,1,2,4,2,1,2,1,1,1,1,2,4,4,4,2,2,1,1,1,4,4,2,1,2,4,2,1,4,2,2,2,1,1,2,1,1,4,1,1,1,2,1,4,1,2,1,2,1,1,1,1,2,4,4,4,1,2,4,2,1,1,4,1,4,2,4,4,2,1,2,1,4,4,4,1,1,1,2,2,0,2,1,2,2,4,4,4,-1
Vanuatu,4,4,4,1,4,1,1,4,1,1,1,1,1,1,1,1,1,1,4,4,4,4,1,1,1,1,4,4,4,1,1,4,4,4,1,1,4,4,4,4,4,4,1,1,1,1,1,4,1,4,4,4,4,4,4,1,1,4,1,1,1,4,1,4,1,1,1,1,4,1,4,1,4,4,1,4,1,4,4,4,1,1,1,1,1,4,4,1,1,4,1,1,4,4,1,4,1,4,4,1,1,1,4,1,1,1,4,1,1,4,1,1,1,4,1,4,4,1,1,4,1,1,4,1,1,4,4,1,4,1,1,1,1,4,1,4,1,1,1,1,1,1,1,1,1,1,1,1,1,4,1,4,1,1,1,1,1,1,1,4,1,4,1,1,4,4,1,1,4,4,1,1,4,4,1,1,1,1,4,1,1,1,1,1,1,1,4,0,1,4,4,4,1,1,-1
Vatican City,4,1,4,1,4,1,1,4,1,1,4,1,4,4,1,4,1,4,4,4,4,1,4,1,1,1,4,4,4,4,1,4,4,4,1,4,1,4,4,4,1,4,1,4,1,1,1,4,1,4,4,4,1,4,4,1,4,4,4,1,1,4,4,1,1,4,1,1,1,4,4,4,4,1,1,1,4,4,4,4,1,1,1,4,1,4,4,4,1,4,1,4,4,4,1,4,4,4,4,1,1,1,4,4,1,4,4,1,1,4,1,1,1,1,1,4,1,4,4,4,4,4,4,1,1,1,4,4,1,1,4,4,1,1,4,1,1,4,1,1,4,1,4,4,1,1,1,1,1,4,4,4,1,1,1,1,1,1,1,4,4,4,1,4,4,4,1,1,4,4,4,4,1,4,1,1,4,4,4,1,4,1,1,1,1,1,4,4,0,1,4,4,4,4,-1
Venezuela,4,4,4,1,4,1,1,4,1,1,4,4,4,4,1,1,1,1,4,4,1,4,4,1,4,1,4,4,4,4,4,4,4,4,4,4,1,4,4,4,1,4,1,4,1,1,1,4,1,4,4,4,4,4,4,1,4,4,4,1,1,4,4,4,1,4,1,1,4,4,4,4,4,4,1,1,4,1,1,4,1,4,1,1,1,4,4,4,4,4,1,4,4,4,1,4,4,4,4,1,1,1,4,4,1,1,4,1,4,4,4,1,4,4,1,4,4,4,4,4,4,4,4,1,1,1,4,4,4,1,4,4,4,4,4,1,4,4,1,1,1,1,1,4,1,1,1,4,1,4,4,4,4,4,4,4,1,1,4,4,1,4,1,1,4,4,1,1,4,4,4,4,4,4,4,1,4,1,4,4,4,4,4,1,4,1,4,4,4,0,4,4,4,4,-1
Vietnam,4,4,4,2,4,4,2,2,2,2,2,4,4,4,4,1,2,4,4,4,4,2,4,2,1,2,4,4,1,4,2,4,4,4,1,4,2,4,4,4,4,4,4,2,2,2,1,4,4,4,4,4,4,4,4,2,4,4,2,1,2,4,4,2,2,4,2,4,4,2,4,4,4,4,2,2,2,1,4,4,2,4,1,4,1,4,2,4,4,4,1,4,1,1,4,4,4,4,4,2,2,2,4,4,1,4,4,2,2,4,4,2,2,2,2,2,2,4,4,1,4,2,4,2,2,4,4,4,2,1,4,4,2,1,2,4,2,1,2,2,2,2,1,4,4,4,4,2,2,4,4,4,2,4,1,1,2,2,2,4,4,4,1,3,4,4,1,2,4,4,4,1,2,4,4,4,4,4,4,4,4,4,2,1,2,2,4,2,4,2,0,4,4,4,-1
Yemen,4,4,3,4,4,4,4,4,4,4,4,4,3,4,4,4,4,4,4,4,4,4,4,4,3,4,4,4,4,4,4,4,4,4,4,4,4,4,4,4,4,4,4,4,4,4,4,4,4,4,4,4,4,4,4,4,4,4,4,4,4,4,4,4,4,4,4,4,4,4,4,1,4,4,4,4,4,4,4,4,4,5,4,4,4,3,4,4,4,4,5,3,4,4,4,4,4,4,4,4,4,4,4,4,3,4,4,4,4,4,4,4,4,4,4,4,4,4,4,4,4,4,4,4,4,4,4,4,4,4,3,4,4,4,4,4,4,4,4,4,3,4,4,4,4,4,4,4,4,4,3,4,4,4,4,4,4,4,4,4,4,4,4,4,4,1,4,4,3,4,4,4,4,4,4,4,4,4,4,4,4,4,3,4,4,4,4,4,4,4,4,0,4,4,-1
Zambia,2,2,2,2,1,1,2,2,2,2,2,1,2,2,1,2,2,1,2,2,2,2,1,2,2,2,2,3,2,2,2,2,4,2,2,1,2,3,3,3,2,2,3,2,1,2,2,3,1,2,2,2,2,2,3,2,1,2,1,2,2,2,2,2,2,2,2,1,2,2,2,2,2,2,2,2,2,2,2,2,1,2,2,1,2,2,2,1,1,2,2,2,2,3,2,2,1,2,2,2,2,2,2,1,1,1,2,1,1,2,1,2,2,2,2,2,1,2,1,2,1,1,3,2,2,2,2,2,2,2,2,2,2,2,2,2,2,2,2,2,2,1,2,3,1,1,1,1,2,3,1,2,1,1,1,1,2,2,1,2,1,2,2,2,2,2,2,2,2,2,1,2,2,2,1,1,2,2,2,1,1,2,2,2,2,2,4,1,2,2,2,2,0,1,-1
Zimbabwe,2,2,3,3,1,1,2,2,2,2,2,1,2,2,1,2,2,1,2,2,2,2,1,2,2,3,2,3,2,2,2,3,4,2,2,2,2,3,2,1,2,2,3,2,1,2,2,2,2,2,2,2,2,3,2,2,1,2,1,2,3,2,2,2,3,1,2,1,2,2,2,2,2,2,2,2,2,2,2,2,2,2,2,1,2,2,2,1,1,2,2,2,2,2,2,2,1,2,2,2,2,2,1,1,1,1,2,1,3,2,1,2,3,2,2,2,2,2,1,2,1,1,2,2,2,2,2,2,2,2,2,2,2,2,2,2,2,2,2,2,2,3,2,3,1,1,1,1,2,3,3,2,2,1,1,1,2,2,1,2,1,2,2,2,2,3,2,2,2,2,1,2,2,2,1,1,2,2,2,1,1,2,2,2,2,2,3,1,2,2,2,2,1,0,-1
,,,,,,,,,,,,,,,,,,,,,,,,,,,,,,,,,,,,,,,,,,,,,,,,,,,,,,,,,,,,,,,,,,,,,,,,,,,,,,,,,,,,,,,,,,,,,,,,,,,,,,,,,,,,,,,,,,,,,,,,,,,,,,,,,,,,,,,,,,,,,,,,,,,,,,,,,,,,,,,,,,,,,,,,,,,,,,,,,,,,,,,,,,,,,,,,,,,
,,,,,,,,,,,,,,,,,,,,,,,,,,,,,,,,,,,,,,,,,,,,,,,,,,,,,,,,,,,,,,,,,,,,,,,,,,,,,,,,,,,,,,,,,,,,,,,,,,,,,,,,,,,,,,,,,,,,,,,,,,,,,,,,,,,,,,,,,,,,,,,,,,,,,,,,,,,,,,,,,,,,,,,,,,,,,,,,,,,,,,,,,,,,,,,,,,,
,,,,,,,,,,,,,,,,,,,,,,,,,,,,,,,,,,,,,,,,,,,,,,,,,,,,,,,,,,,,,,,,,,,,,,,,,,,,,,,,,,,,,,,,,,,,,,,,,,,,,,,,,,,,,,,,,,,,,,,,,,,,,,,,,,,,,,,,,,,,,,,,,,,,,,,,,,,,,,,,,,,,,,,,,,,,,,,,,,,,,,,,,,,,,,,,,,,
Same country,0,,,,,,,,,,,,,,,,,,,,,,,,,,,,,,,,,,,,,,,,,,,,,,,,,,,,,,,,,,,,,,,,,,,,,,,,,,,,,,,,,,,,,,,,,,,,,,,,,,,,,,,,,,,,,,,,,,,,,,,,,,,,,,,,,,,,,,,,,,,,,,,,,,,,,,,,,,,,,,,,,,,,,,,,,,,,,,,,,,,,,,,,,,,,,,,,,,
Visa not required,1,,,,,,,,,,,,,,,,,,,,,,,,,,,,,,,,,,,,,,,,,,,,,,,,,,,,,,,,,,,,,,,,,,,,,,,,,,,,,,,,,,,,,,,,,,,,,,,,,,,,,,,,,,,,,,,,,,,,,,,,,,,,,,,,,,,,,,,,,,,,,,,,,,,,,,,,,,,,,,,,,,,,,,,,,,,,,,,,,,,,,,,,,,,,,,,,,,
eVisa,2,,,,,,,,,,,,,,,,,,,,,,,,,,,,,,,,,,,,,,,,,,,,,,,,,,,,,,,,,,,,,,,,,,,,,,,,,,,,,,,,,,,,,,,,,,,,,,,,,,,,,,,,,,,,,,,,,,,,,,,,,,,,,,,,,,,,,,,,,,,,,,,,,,,,,,,,,,,,,,,,,,,,,,,,,,,,,,,,,,,,,,,,,,,,,,,,,,
Visa on arrival,3,,,,,,,,,,,,,,,,,,,,,,,,,,,,,,,,,,,,,,,,,,,,,,,,,,,,,,,,,,,,,,,,,,,,,,,,,,,,,,,,,,,,,,,,,,,,,,,,,,,,,,,,,,,,,,,,,,,,,,,,,,,,,,,,,,,,,,,,,,,,,,,,,,,,,,,,,,,,,,,,,,,,,,,,,,,,,,,,,,,,,,,,,,,,,,,,,,
Visa required,4,,,,,,,,,,,,,,,,,,,,,,,,,,,,,,,,,,,,,,,,,,,,,,,,,,,,,,,,,,,,,,,,,,,,,,,,,,,,,,,,,,,,,,,,,,,,,,,,,,,,,,,,,,,,,,,,,,,,,,,,,,,,,,,,,,,,,,,,,,,,,,,,,,,,,,,,,,,,,,,,,,,,,,,,,,,,,,,,,,,,,,,,,,,,,,,,,,
Restricted Access,5,,,,,,,,,,,,,,,,,,,,,,,,,,,,,,,,,,,,,,,,,,,,,,,,,,,,,,,,,,,,,,,,,,,,,,,,,,,,,,,,,,,,,,,,,,,,,,,,,,,,,,,,,,,,,,,,,,,,,,,,,,,,,,,,,,,,,,,,,,,,,,,,,,,,,,,,,,,,,,,,,,,,,,,,,,,,,,,,,,,,,,,,,,,,,,,,,,
